order_id,customer_id,order_status,order_purchase_timestamp,order_approved_at,order_delivered_carrier_date,order_delivered_customer_date,order_estimated_delivery_date
bcdbb3b243d4e882503b919785e2343f,4146dd1b456444cd54142b5a7c4b9405,delivered,2018-05-21 13:16:00,2018/5/22 9:36,2018/5/22 12:23,2018/5/28 16:38,2018/6/13 0:00
af500adf58ab55b8bdd27be8cf81aeba,6fafe51f43d9aff93174e020cd452f66,delivered,2018-05-21 12:21:00,2018/5/22 9:36,2018/5/29 7:15,2018/6/7 20:06,2018/6/28 0:00
1133f2dfc033ba92bf6c470b20f6f332,e583c743a5c26e0870b08e4e6efeac7f,delivered,2018-05-21 13:31:00,2018/5/22 7:55,2018/5/22 13:15,2018/6/8 18:48,2018/6/14 0:00
5739eb8dc1389c46e5ff8fc605a6ba44,ef6ea276070642bfc9f21c5cd9cbdb43,delivered,2018-05-21 19:44:00,2018/5/21 21:15,2018/5/22 14:16,2018/5/23 16:33,2018/6/13 0:00
9a45c6dbf2fc4848e0a8883d4efe827c,a455f91b7ce36ac2eee4d8c54a05946c,delivered,2018-05-21 08:20:00,2018/5/22 7:55,2018/5/22 15:48,2018/6/4 18:06,2018/6/14 0:00
f5c6db84c6a589ff1c0284e500a6acd3,2ad4f82ba85d382d9ee497dbe68d5c36,delivered,2018-05-21 16:33:00,2018/5/22 16:58,2018/5/23 14:12,2018/5/24 15:33,2018/5/29 0:00
df972aca1fba0a417674857678e2c4bb,322eae54daccdcbee96799ebd3a67830,delivered,2018-05-21 11:39:00,2018/5/21 15:32,2018/5/24 10:48,2018/6/2 15:28,2018/6/7 0:00
23427a6bd9f8fd1b51f1b1e5cc186ab8,a8fabc805e9a10a3c93ae5bff642b86b,delivered,2018-05-21 22:44:00,2018/5/22 1:53,2018/5/22 14:18,2018/5/23 15:33,2018/5/29 0:00
c2ccb6c2af36d8492e83ecf528f2755c,07a4bb60f62e5ce83b63a08f0cd050bc,unavailable,2018-05-21 13:48:00,2018/5/21 16:14,,,2018/6/5 0:00
84b29272f58b0da99f8884fd87681725,347995a62a8ddfe4b7201c431a3c5e53,delivered,2018-05-21 17:00:00,2018/5/21 17:56,2018/5/24 12:43,2018/6/7 18:47,2018/6/8 0:00
0a72bb193c65199cdd69574aac533a83,b885ff39577dedbe1fcf4682be87619e,delivered,2018-05-21 13:54:00,2018/5/23 2:38,2018/5/23 14:08,2018/6/8 23:39,2018/6/12 0:00
355ab384aa99e2354527c4defcfbab72,dfdce5cbb3a1a1cd9e49ea9af8aeea02,delivered,2018-05-21 23:09:00,2018/5/22 23:17,2018/5/23 14:31,2018/5/25 15:20,2018/6/1 0:00
e51ec609bcc1f3b43e5b77285c4cfaf1,fb05451a1c6125780177727eff8bb5bc,delivered,2018-05-21 08:18:00,2018/5/21 8:31,2018/5/21 13:55,2018/6/5 17:56,2018/6/13 0:00
94d402dc4fcc5e6ba5e95e4d7b777238,02d6d0f47ae7ef004d1106cd4743b553,delivered,2018-05-21 13:21:00,2018/5/21 15:58,2018/5/22 14:00,2018/6/5 20:32,2018/6/6 0:00
d0ec19bf3a898ff42bbe48cdc06bb7fe,b66cd04aca983b1bd853a326273d0481,delivered,2018-05-21 19:12:00,2018/5/21 20:35,2018/5/22 14:25,2018/5/23 17:51,2018/6/7 0:00
5687ad45d33870c742b2cdacaf758353,c68c27e929bf3a5f6d15d6101a7bd890,canceled,2018-05-21 22:53:00,2018/5/22 2:15,,,2018/5/29 0:00
336e6ecb9664903e2d582f1203e5b1ba,cf56bdf905c1e3b759e4c0fd0ec64037,delivered,2018-05-21 19:01:00,2018/5/22 16:57,2018/5/25 16:37,2018/5/28 21:21,2018/6/7 0:00
88f183200120ee67658ffac046c2c078,d47b24ad0d00bb48276d1d0052a3dd3a,delivered,2018-05-21 11:36:00,2018/5/21 15:32,2018/5/25 14:03,2018/5/28 19:12,2018/6/6 0:00
d37e3c63571435625b73f8e231bdd738,46ed2ca2fb58e54e07f90a0d7cee462e,delivered,2018-05-21 11:09:00,2018/5/21 15:31,2018/5/22 9:40,2018/6/8 17:38,2018/6/20 0:00
45026cb636ca6934b7fa98e965f53d96,7071ae1d5f4717f7b02d13806ad39c11,delivered,2018-05-21 14:51:00,2018/5/23 2:55,2018/5/23 13:45,2018/6/4 14:28,2018/6/6 0:00
13d6f87da8ba3d0feb95e58ab304a9dd,6cd88d0226928a0dacf22cc590b5445e,delivered,2018-05-21 11:15:00,2018/5/24 17:33,2018/5/21 14:47,2018/6/12 0:03,2018/6/5 0:00
c0834ece62641e0d8cf5da3a070f4195,0c89a9e6294064d33266e47d26e79f15,delivered,2018-05-21 08:53:00,2018/5/21 9:10,2018/5/22 9:40,2018/5/23 15:28,2018/5/29 0:00
44003ab575a9154a1560d283e5bfaab9,15a5151fa4345e946b0528df9d8707e4,delivered,2018-05-21 09:27:00,2018/5/22 9:14,2018/5/22 15:00,2018/5/23 15:58,2018/5/29 0:00
42fdf880ba16b47b59251dd489d4441a,15fd6fb8f8312dbb4674e4518d6fa3b3,delivered,2018-05-21 13:59:00,2018/5/21 16:14,2018/5/22 11:46,2018/6/1 21:44,2018/6/13 0:00
201ad03a4a02b4aafe81bcfdb0e71627,8ea3b6bb64805e8007638d84577686ea,delivered,2018-05-21 19:23:00,2018/5/21 20:55,2018/5/29 9:26,2018/6/6 18:42,2018/6/18 0:00
6a493ef26bfda3fa2b546080e17a7903,42954d34b6eb63fab01f7d08f90713bc,delivered,2018-05-21 14:43:00,2018/5/22 9:15,2018/5/22 14:52,2018/5/23 13:11,2018/5/29 0:00
668cc6e441f0a986cf09c787ff80463d,e0b7c97d75cf1fe355964ae5820b1b11,delivered,2018-05-21 23:36:00,2018/5/22 3:15,2018/5/22 15:08,2018/6/7 19:52,2018/6/7 0:00
815bed818302adfd6b04958662e7bbad,1a668d4900615c78f8091304850dea1a,delivered,2018-05-21 13:16:00,2018/5/22 7:55,2018/6/4 16:03,2018/6/19 14:38,2018/6/19 0:00
e95ff7994939eb1563b12008893b1576,be0518184bef64aec7295d3eb1076336,delivered,2018-05-21 15:07:00,2018/5/21 16:35,2018/5/23 12:46,2018/5/24 21:51,2018/6/1 0:00
d744afed01f7a27ac2864f952a787ae0,2eb1a6686d8b3a677937ef0fb70ab984,delivered,2018-05-21 23:00:00,2018/5/22 2:15,2018/5/22 14:04,2018/6/7 16:24,2018/6/12 0:00
e3ba5747e5730389e76a7d30694beeff,e170bf1dc82f7de10bead60842a74894,delivered,2018-05-21 19:48:00,2018/5/21 21:15,2018/5/23 13:06,2018/6/2 18:36,2018/6/11 0:00
a3d2749aaa405784d0e2b8472e420ca4,618f0a4ffb07d53e0485b9515d12514e,delivered,2018-05-21 10:36:00,2018/5/21 15:32,2018/5/22 14:48,2018/5/24 21:33,2018/5/30 0:00
45de27572f22822e03786f094dee22f3,5eaca6dbb83458bc7094070e23ab592e,delivered,2018-05-21 08:13:00,2018/5/21 8:31,2018/5/21 16:11,2018/6/5 15:42,2018/6/7 0:00
eb9f60e17d14840ff128c124a67fb158,46c33bda048651fe128f54630c1fa952,delivered,2018-05-21 20:16:00,2018/5/21 22:16,2018/5/23 8:39,2018/5/24 21:40,2018/6/4 0:00
e21ac3b366d8ae9dce431413dbc2ccc0,ac2336f577ea9ad5366371299b4d02d7,delivered,2018-05-21 16:57:00,2018/5/21 17:56,2018/5/24 7:24,2018/6/6 21:38,2018/6/6 0:00
311f414d342d169b316953491c3366d6,be8efe42f0bf48c3b55b402f10a05a61,delivered,2018-05-21 11:57:00,2018/5/21 15:32,2018/5/24 13:56,2018/6/6 18:36,2018/6/11 0:00
c535905a60628bab8a2b2a69375180ed,14306fe307e348f15f633d6ff1670e18,delivered,2018-05-21 14:49:00,2018/5/21 16:15,2018/5/23 13:32,2018/6/6 16:28,2018/6/7 0:00
27b974fdb1343121e2a97ab9bfe080e2,d5c2ad00773abc9e718dc31789b7d4a1,delivered,2018-05-21 21:09:00,2018/5/23 2:15,2018/5/23 14:57,2018/5/25 18:36,2018/5/30 0:00
d3a543aebcdb10da36e411d1b65a7493,55295292eefde14db24c4018c8fb550a,delivered,2018-05-21 10:33:00,2018/5/21 15:32,2018/5/23 14:00,2018/5/25 22:08,2018/5/30 0:00
feedf8f109c19b01f36d6d87eb1e5dbc,1fcba89e5e84c66022ab9c144cd9d461,delivered,2018-05-21 22:01:00,2018/5/22 0:57,2018/6/4 16:03,2018/6/21 15:11,2018/6/18 0:00
97d4fe1febafe8399c24e7f0640f1f5b,08c58fac6ff554f3e63b755b5644a7d8,delivered,2018-05-21 10:40:00,2018/5/21 15:32,2018/5/24 14:14,2018/5/28 23:56,2018/6/1 0:00
ef9d153cbc715c909f32f099607e4fc2,34fd04888ab79b3b54d234056f63152b,delivered,2018-05-21 09:32:00,2018/5/23 2:38,2018/5/23 12:54,2018/5/24 15:18,2018/5/29 0:00
7dbbb0cf6abae430040bc4914055c036,365d8633820f3d1ba6f2aa3628f623a1,delivered,2018-05-21 15:54:00,2018/5/21 16:56,2018/5/22 12:25,2018/5/23 14:58,2018/5/29 0:00
75f6fc813634864d90b8460cb0133b7c,fb765a48e9f6c36764e23c01eaa9547d,delivered,2018-05-21 14:25:00,2018/5/21 16:14,2018/5/22 13:55,2018/6/7 20:18,2018/6/6 0:00
83fe87eb0a04cc2e1e9c68129e40f62e,481a717eec3e7827248545fc6f0f7164,delivered,2018-05-21 18:04:00,2018/5/21 18:53,2018/5/22 12:23,2018/6/5 21:37,2018/6/14 0:00
d7526e916ca14cb288f2c8ec14a6f546,f8bd74b797d44f6df5e6cbd4a881b02f,delivered,2018-05-21 08:52:00,2018/5/21 9:10,2018/5/21 16:15,2018/6/6 20:04,2018/6/8 0:00
cc89ebb8288e14b59a8edafe7fb2bbb5,5f6b999b02869d0f7ae1904d7f045149,delivered,2018-05-21 20:08:00,2018/5/21 21:54,2018/5/23 10:41,2018/6/7 18:23,2018/6/8 0:00
9d5cb249282fe0755163341be5939869,20e47a8830fa291c2be8179e9e6af0ca,delivered,2018-05-21 08:52:00,2018/5/21 9:10,2018/5/22 13:46,2018/5/23 19:28,2018/5/29 0:00
3a9ba7770cd43147a6d152187d05be65,5d7504bb571eba259df58c649095ebac,delivered,2018-05-21 11:47:00,2018/5/21 15:05,2018/5/23 14:05,2018/6/9 18:39,2018/6/8 0:00
699ff12900168a9020bb2487be684cc0,94ee7783d2f05e72a85fe65e13e96c9c,delivered,2018-05-21 11:59:00,2018/5/22 9:36,2018/5/23 13:37,2018/6/1 18:56,2018/6/19 0:00
b7ada522cfb63d2f443ab987bd38c885,e80621e53339202d76c5ab251fa2582a,delivered,2018-05-21 18:20:00,2018/5/23 2:15,2018/5/23 14:54,2018/5/24 16:38,2018/5/30 0:00
ee567e300ec0ae4dd30d3e26ac581021,9631152c3218e9f00bd87dee439ff6b0,delivered,2018-05-21 19:56:00,2018/5/21 21:36,2018/5/24 16:58,2018/6/5 21:58,2018/6/20 0:00
989b311c6f1b2dc47aeec072786f1757,1ffabb4bc9e0be4398c80264d0034d42,delivered,2018-05-21 17:03:00,2018/5/21 17:56,2018/5/23 14:58,2018/5/25 18:51,2018/5/30 0:00
b8b88108eac141a885b496b3df46e5ac,39ee7d31641c3f04b65dc46f462ffabc,delivered,2018-05-21 20:48:00,2018/5/21 22:56,2018/5/22 19:04,2018/5/24 17:47,2018/5/29 0:00
68b4e818c05f12bec3a76417829c2846,84c1606acc0b24087addbbb85be4ee28,delivered,2018-05-21 08:08:00,2018/5/22 9:14,2018/6/11 11:37,2018/6/13 16:23,2018/6/13 0:00
d64a14f0bda63154a36174c4870ee78c,8100182ef5153393aaa0b0ee5e7c0fb7,delivered,2018-05-21 09:38:00,2018/5/22 8:16,2018/5/29 9:25,2018/6/5 21:41,2018/6/7 0:00
7b1c4067e1c0f598ff2ac836df756f66,0d94387e1ef2bdc01b7c4dcccc98007b,delivered,2018-05-21 18:08:00,2018/5/21 18:54,2018/5/22 14:14,2018/6/6 9:34,2018/6/7 0:00
9b2a9d4d3efb4ad2318f65b28a776175,d8e42482d0eda51e849d77e79d749534,delivered,2018-05-21 17:01:00,2018/5/21 17:56,2018/5/22 10:31,2018/6/5 18:42,2018/6/13 0:00
e979ae327ab74afbaf6f54421c6e4d74,67672ce6d9f5650e7b59142d7e15ee62,delivered,2018-05-21 13:14:00,2018/5/23 2:38,2018/5/23 14:17,2018/6/4 23:02,2018/6/14 0:00
c10dafc6c705859588b0d1e62a49ddba,f0e434e9cf3e503c26360844e2040253,delivered,2018-05-21 13:46:00,2018/5/21 16:14,2018/5/22 13:36,2018/6/8 20:14,2018/6/13 0:00
5627a31940ca40213ead4a6a71e7b386,48d301b5b8df06178be995e0ae887bbe,canceled,2018-05-21 12:22:00,2018/5/21 15:34,,,2018/5/29 0:00
d844cf5434575b8359b353fe82fb8d67,0137bbd3e8c493cfa735b98ef18bd1c6,delivered,2018-05-21 19:17:00,2018/5/22 19:17,2018/5/23 14:07,2018/6/5 20:58,2018/6/8 0:00
4b78a3c3971b83606a959d5c98208c66,fe3a04d82937a1d7343249c13322e99c,delivered,2018-05-21 15:22:00,2018/5/22 9:15,2018/5/24 14:47,2018/5/25 22:46,2018/5/30 0:00
93d3acc57bd28d53e25e2624c13c470d,d472dbf6ecbea44dbc6078d5bb5c0c6d,delivered,2018-05-21 11:06:00,2018/5/23 2:55,2018/5/23 11:20,2018/6/1 20:51,2018/6/5 0:00
479ca7b6834ffb05666e813c9c0dddf8,7736f29fbade4b21885578b5030282dc,delivered,2018-05-21 11:15:00,2018/5/23 14:14,2018/6/1 14:04,2018/6/15 0:49,2018/6/6 0:00
9bb0677f0c84788b3c3a9079ba085f69,3539e22bd0a0cf0a601c207ec0af55be,delivered,2018-05-21 18:12:00,2018/5/23 2:55,2018/5/23 14:21,2018/6/8 13:43,2018/6/12 0:00
d2af9f29f103214f951dfb33055b8bd6,fb0edfd91a3428e0a85309d90a59f2d7,delivered,2018-05-21 22:48:00,2018/5/22 2:15,2018/5/22 13:22,2018/6/5 19:42,2018/6/11 0:00
4b6c735cae2db7ba05d5e51ea8693bc6,74e8de453fe87c824a4e2c3c69093b12,delivered,2018-05-21 14:45:00,2018/5/23 2:38,2018/5/23 15:10,2018/5/25 21:34,2018/5/29 0:00
e3c2234f6d1609fa1984094f7e1f05cb,869662ec98a7c9674e1a012769f0c7de,delivered,2018-05-21 10:18:00,2018/5/22 8:56,2018/5/22 13:40,2018/6/6 16:28,2018/6/18 0:00
a06cb1b486cee3a35945a90947663f50,fb1f203e3f272e2b221f7192ae0d16a9,delivered,2018-05-21 21:49:00,2018/5/22 0:32,2018/5/23 13:05,2018/6/6 19:21,2018/6/11 0:00
d4b97a63d751219f528e5c3067341564,da432f82dd35cf00fb08da4a18150c82,delivered,2018-05-21 22:43:00,2018/5/22 2:15,2018/5/22 10:47,2018/6/12 23:03,2018/6/5 0:00
95e6053477d7169c64e6a34a3e329cb7,6dfe81f46e43ef19ff6eccfa55ceba6e,unavailable,2018-05-21 13:41:00,2018/5/25 10:30,,,2018/5/29 0:00
3615f94f721a151022a1394e0917eb9c,2a20743119a6cf1759b4ab642bd825cb,delivered,2018-05-21 16:41:00,2018/5/22 17:36,2018/5/23 11:51,2018/6/5 20:56,2018/6/7 0:00
c11c997259391d3bd0a950a34e7e5222,f77630515a2730f347cb13092794c130,delivered,2018-05-21 18:48:00,2018/5/21 19:56,2018/5/29 9:27,2018/6/5 19:03,2018/6/7 0:00
7a13f61d963ef344fad29d7219a1c583,ced1e88369d78a9ed35b69777a7a1008,delivered,2018-05-21 15:37:00,2018/5/22 9:15,2018/5/22 13:41,2018/6/7 18:48,2018/6/11 0:00
6e496cc6275d951e01ba4a1e527d6d69,566073786b37e7216ae4143163dc4499,delivered,2018-05-21 11:29:00,2018/5/22 8:56,2018/5/22 13:38,2018/5/29 14:33,2018/6/20 0:00
ca6a7dfbbaebac08df32693f6e6c95a1,28b0610006bb74a16c4ec12e9e404373,delivered,2018-05-21 14:47:00,2018/5/21 16:14,2018/5/24 7:25,2018/6/9 17:28,2018/6/6 0:00
b1846dcb6fa367fc58bc4064ff4ef38b,ec65d0a39c964fb884ff5c6aa13d33a6,delivered,2018-05-21 16:22:00,2018/5/21 17:33,2018/5/30 11:24,2018/6/11 18:28,2018/6/22 0:00
a5ec4b722860bf18fd1ff9fd35fbfff8,0d0e02f035f84b429d470d83437aad47,delivered,2018-05-21 02:46:00,2018/5/21 3:37,2018/5/21 16:03,2018/5/23 21:08,2018/5/29 0:00
5a082b558a3798d3e36d93bfa8ca1eae,75dbcfb7a44bcf1199a9232679b45b10,delivered,2018-05-21 01:24:00,2018/5/21 1:37,2018/5/21 14:31,2018/6/7 17:16,2018/6/14 0:00
09410001d65f75b36821f9556694a895,4879641d062865cc7157ea201af2972a,delivered,2018-05-21 11:36:00,2018/5/22 8:34,2018/5/22 13:40,2018/6/8 16:47,2018/6/6 0:00
aaaf39a2d037083a190432524162a3fd,d539b8ac4f0c793900912c46f6442734,delivered,2018-05-21 08:52:00,2018/5/21 9:10,2018/5/22 15:29,2018/6/5 12:31,2018/6/12 0:00
8c852623da2a9eea1c1aab41baa78a43,4dc57c527dcf4f7c8686e86529423d6c,delivered,2018-05-21 12:28:00,2018/5/21 15:34,2018/5/22 12:44,2018/6/6 14:27,2018/6/11 0:00
5f8e6b43489b35766d4f7bb92eece010,fd410c0c795b3040f0c5d9cdbc409c10,delivered,2018-05-21 10:57:00,2018/5/21 15:32,2018/5/23 14:23,2018/5/25 12:07,2018/6/11 0:00
8f85569884c951516be7212f656f8e9a,10ca73ac5ed8435f7b43afcddf1c79ee,delivered,2018-05-21 11:23:00,2018/5/22 12:17,2018/5/22 13:26,2018/5/23 18:20,2018/5/29 0:00
a9c5d437c9cc6fe13dfe671f0dcc7ebc,fabf96df570f9397309836fd077c8ad0,delivered,2018-05-21 22:15:00,2018/5/22 1:13,2018/5/22 10:15,2018/6/7 17:48,2018/6/20 0:00
2f2a857f1d838454c26f5fb0fc4356ba,9faeb0174ded39b59af32f83fd29ea08,delivered,2018-05-21 16:02:00,2018/5/21 17:19,2018/5/22 12:00,2018/6/9 0:48,2018/6/12 0:00
f8988b8698570c25c74dc0a6f5cf0a68,fa4418ffe30b31c317748e51ff5171b8,delivered,2018-05-21 17:29:00,2018/5/22 17:37,2018/5/23 14:51,2018/5/25 14:24,2018/6/7 0:00
ffc5d47e40567b5f153d5cd17138eb89,6a259f105654c36924187507b16c4a04,delivered,2018-05-21 09:15:00,2018/5/21 9:36,2018/5/21 14:44,2018/6/24 17:28,2018/6/8 0:00
cb04c4f13d483754c5b6e420df7cc1dd,4c91fe346d929d32dabe30015f9c103a,delivered,2018-05-21 20:49:00,2018/5/22 20:56,2018/5/23 15:01,2018/6/6 20:33,2018/6/8 0:00
934df00dcb85e2cc1b9077573721fa15,40b399eb9ca4874f9d1632c58116f274,delivered,2018-05-21 20:30:00,2018/5/21 22:17,2018/5/22 14:17,2018/6/8 0:09,2018/6/11 0:00
d8da851ab137ba5e72352b665d2ea6e8,cba7ef1db31a62fea445eea562f921ee,delivered,2018-05-21 23:50:00,2018/5/22 3:15,2018/5/23 12:55,2018/5/24 20:31,2018/5/29 0:00
72725ca3eb014b2d2878b4e03f8f80ed,8215609ee059d8fee1f6faafa0308041,delivered,2018-05-21 02:41:00,2018/5/21 11:15,2018/5/22 13:15,2018/6/7 19:21,2018/6/14 0:00
53dc49c7f7145d44eafa6c61d5f72e45,043527f9eeb5ad04bacaae09a3604f66,delivered,2018-05-21 16:15:00,2018/5/21 17:19,2018/5/23 14:39,2018/5/28 18:54,2018/6/5 0:00
23a664501e7b09b619fd2aad09cbc22d,b21f8a9bf3489e80f6a40bfc93da853c,delivered,2018-05-21 21:49:00,2018/5/22 21:57,2018/5/23 14:16,2018/5/28 17:28,2018/6/5 0:00
477d9321d31a2e5b37de7ca5c1489dcb,c0d3dde840d9abc8fe89a5e84ea65031,delivered,2018-05-21 11:13:00,2018/5/22 8:15,2018/5/23 12:56,2018/6/4 18:58,2018/6/7 0:00
7fd7278c76aae9bebdb986cfcd977150,60c16eb41f3a799f846a7789e5ff7346,delivered,2018-05-21 01:09:00,2018/5/21 1:37,2018/5/24 16:15,2018/5/25 16:07,2018/5/30 0:00
daed9e78d8caf060ecb46125d167dc67,c0d3af311caad01cc8343a88fe70fdf6,delivered,2018-05-21 15:47:00,2018/5/21 16:55,2018/5/23 11:31,2018/5/25 17:46,2018/6/5 0:00
450cb96c63e1e5b49d34f223f67976d2,27ae7c8a8fc20ce80d96f01b6f19961b,delivered,2018-05-21 06:48:00,2018/5/21 6:57,2018/6/1 13:14,2018/10/11 16:41,2018/6/27 0:00
be72913e7cd72283b3a40dea048c3689,024aee4bf3ee8fc406d58b5c47e18578,delivered,2018-05-21 15:30:00,2018/5/22 15:36,2018/6/12 9:17,2018/6/21 0:42,2018/7/6 0:00
d257669899c7081651e2d8e3481b3c12,280e3ea6cde9285315940929e0f58320,delivered,2018-05-21 17:40:00,2018/5/21 18:13,2018/5/22 12:50,2018/5/23 13:07,2018/5/29 0:00
e4125f8d1a61bdeadda581f9b282f7d0,530e4206f359251c5d5a12daec061037,delivered,2018-05-21 10:41:00,2018/5/21 15:32,2018/5/22 14:44,2018/6/1 20:44,2018/6/11 0:00
16841c9446266366004dba2af55469d9,20d4138ec5c459f8c6e823676b3bd40c,delivered,2018-05-21 21:28:00,2018/5/22 0:16,2018/5/22 14:59,2018/5/23 22:58,2018/6/1 0:00
edb858219a0b7155ce5b977c044ef9f9,cea73672ed36824ffda53dada3a1c8ae,delivered,2018-05-21 16:04:00,2018/5/22 8:16,2018/5/23 13:01,2018/6/5 23:34,2018/6/4 0:00
a56dd0288c36351da4eed1f4c1c2ec09,bca253b7b38bfe69a1c54291927b9bbc,delivered,2018-05-21 13:56:00,2018/5/21 15:58,2018/5/22 15:10,2018/5/23 18:32,2018/5/30 0:00
12581c5de9b60bf327002c906dd03e17,149aa6e315ac2e3c0b7e804a23e3f8cd,delivered,2018-05-21 20:44:00,2018/5/22 22:38,2018/5/23 7:54,2018/6/12 14:33,2018/6/5 0:00
54124d9826c024b4b20d530b6bf4d6ee,dccdf9c858cf2a30d65e220f903afcc6,delivered,2018-05-21 18:18:00,2018/5/21 19:16,2018/5/22 15:17,2018/6/5 10:58,2018/6/14 0:00
51e99264659d47b097309553e1d580dd,c0b973b939fe3dfb9816e50acebcd597,delivered,2018-05-21 08:47:00,2018/5/22 8:34,2018/5/29 14:09,2018/6/11 20:36,2018/6/21 0:00
27fb2154c341bbc730063b1d16844616,999e3c7a67f519385382c467f76c5393,delivered,2018-05-21 12:45:00,2018/5/22 8:56,2018/6/7 14:01,2018/6/15 15:12,2018/6/21 0:00
a296d4fb5d1e460c4834cd4a6da871d3,8f4a2aae4e1857316913d995047dd100,delivered,2018-05-21 10:57:00,2018/5/21 15:31,2018/5/22 14:12,2018/6/8 17:20,2018/6/14 0:00
078db7c551c5b6a107ba6d586a13f14d,04e93f286b7920c82dc1a31240255ee6,delivered,2018-05-21 19:22:00,2018/5/21 20:55,2018/5/22 13:32,2018/5/23 17:32,2018/5/29 0:00
331f9dfb7b6f1274298f0fdef2f8f2ad,1babbdb099e08e0494aefb32f438e94a,delivered,2018-05-21 08:54:00,2018/5/21 9:10,2018/5/21 13:34,2018/6/4 20:51,2018/6/11 0:00
273fa2f569d3e879930f38dbc3d79eda,5d442fd431e8112816463237246a2b6b,delivered,2018-05-21 14:24:00,2018/5/21 16:14,2018/5/23 15:32,2018/6/6 18:18,2018/6/12 0:00
c9d89b0c3d42591ac04fa956aef8fd14,9c9f2ef0f3f3a453d1cf63a2eb33cc3e,delivered,2018-05-21 13:02:00,2018/5/22 8:16,2018/5/23 14:26,2018/6/11 20:12,2018/6/6 0:00
253009218018b92ca2f36309c8dc97cf,b4651b07b70c725722fa9e63230b266c,delivered,2018-05-21 11:34:00,2018/5/21 15:32,2018/5/22 13:48,2018/5/23 22:36,2018/5/29 0:00
aacbf13db267af0f239fc7ff5dd513ff,304717ed44006118886f66f77cb11793,delivered,2018-05-21 11:08:00,2018/5/22 8:33,2018/5/23 13:03,2018/6/4 19:06,2018/6/8 0:00
a6e6bba879d27420514b5a4d94627077,846ac8480d1d69d112d9734d2a1478d6,delivered,2018-05-21 22:20:00,2018/5/22 1:15,2018/5/29 9:21,2018/6/4 20:58,2018/6/7 0:00
ac6c5572c59ca76c1e87fc0ed8415a93,fd4bf9d671a41d03097dbe9284433c4f,delivered,2018-05-21 21:42:00,2018/5/22 0:32,2018/5/22 13:29,2018/5/23 16:46,2018/6/1 0:00
ab010289ce552581dd007c7276d4e276,35cf1d9948d4dedcf1be0461d72a35e7,delivered,2018-05-21 14:39:00,2018/5/21 15:59,2018/5/22 14:53,2018/6/7 17:23,2018/6/14 0:00
e0ea5984952668059b3f3ef6a8554bb3,a3404c079e22a0ff2079ae7aaca9fbd1,delivered,2018-05-21 09:23:00,2018/5/21 9:37,2018/5/21 11:53,2018/6/4 17:51,2018/6/7 0:00
bb8a5aab841afa1f9b497daf2b0cdf4d,f211a26698f3f9fa2e0858b62ff66764,delivered,2018-05-21 08:53:00,2018/5/21 9:10,2018/5/25 13:58,2018/6/15 20:41,2018/6/26 0:00
8e54a072860136e58c8c812ed15eb2f4,352b302b103920d82c79aadd85ab509d,delivered,2018-05-21 13:04:00,2018/5/21 15:47,2018/5/23 9:46,2018/6/7 17:07,2018/6/22 0:00
b7467ae483dbe956fe9acdf0b1e6e3f4,424bb0b58d2a1f8f1a185d44a8116aae,delivered,2018-05-21 14:14:00,2018/5/21 16:14,2018/5/23 12:57,2018/6/4 18:52,2018/6/8 0:00
8577cf04e1ae13cbd94ada332b03fca7,71766b2ff178d011c1c6ffcf667dc52a,delivered,2018-05-21 16:29:00,2018/5/22 9:14,2018/5/24 13:40,2018/6/7 16:29,2018/6/13 0:00
a1992473cf823780a4ce2235249ada82,73b498b492637e3ff6343c2c63bb5dd8,delivered,2018-05-21 08:00:00,2018/5/21 8:17,2018/6/6 15:16,2018/6/8 22:52,2018/6/22 0:00
9f775377f0750b17db861c49f3bcc8d6,993e7665a6812825d712d7903b645acd,delivered,2018-05-21 13:12:00,2018/5/21 17:17,2018/5/22 13:55,2018/6/9 10:58,2018/6/11 0:00
777aac5964392ae95f14c26335781b97,c58ba0d44e7889a11b721ada88ebdc93,delivered,2018-05-21 01:34:00,2018/5/22 8:56,2018/5/22 14:24,2018/5/29 12:38,2018/6/18 0:00
e0dbf52e0c78f9be2caeaa5d799a83ea,b7c4a65c2ef2735dffd17b8c44a9e685,delivered,2018-05-21 10:32:00,2018/5/24 17:35,2018/5/22 14:33,2018/6/1 17:25,2018/6/8 0:00
4a7cdb3a49afbb2ed402941490694849,8acc7f7c9e2667101df6b259513ecc9b,delivered,2018-05-21 16:44:00,2018/5/21 17:34,2018/5/23 13:32,2018/6/13 16:41,2018/6/6 0:00
c35f0be8d0dc1e48ed297f8ea0f44f26,4ddbeaafc3eff2a014e49052df6c530f,delivered,2018-05-21 08:28:00,2018/5/22 8:56,2018/5/22 14:45,2018/6/5 14:08,2018/6/8 0:00
71faacf7cbbbe99af405624f55e3bfca,151b3e542a42b9d5600518a7ba6e65db,delivered,2018-05-21 17:20:00,2018/5/21 17:56,2018/5/22 12:44,2018/6/9 14:42,2018/6/11 0:00
9c038dee3bf16eac4a8ba2baa65b21dd,9f4a95fe0b7a6b9cc179746f59c4c3f8,delivered,2018-05-21 15:26:00,2018/5/21 16:36,2018/5/22 15:34,2018/6/7 17:13,2018/6/7 0:00
50a2d9e8f28f577acd594ba29d58eced,cbc57689231f7033b69a4ddbfb2019c0,delivered,2018-05-21 22:40:00,2018/5/22 1:53,2018/5/22 11:56,2018/6/6 16:08,2018/6/14 0:00
f9cda286ca417062ff15bf5d63fbc70c,7b2a178190dfc4efadeccb75fc833074,delivered,2018-05-21 17:25:00,2018/5/21 17:56,2018/5/22 10:49,2018/6/6 20:37,2018/6/11 0:00
270876310226d967a79f278abd5eebdb,8aed2b9a0c5e28b55b9c3a70755f9915,delivered,2018-05-21 16:13:00,2018/5/21 17:17,2018/5/22 16:24,2018/6/4 18:34,2018/6/5 0:00
2c8ade83a1d38262000ff586fe9b0f8e,78b2079d05ef3c868c4737043f33e6bf,delivered,2018-05-21 13:45:00,2018/5/22 7:54,2018/5/23 15:06,2018/5/28 10:55,2018/6/6 0:00
7f929b681a9f07dd67df3e86db25bffb,30abbf846ea967077882b27bd40d671f,delivered,2018-05-21 19:29:00,2018/5/21 20:55,2018/5/22 13:24,2018/5/23 20:28,2018/5/29 0:00
a7244b32a501eb75e809aea0f44556fa,024f63965c192d99e1da51a1c3516239,delivered,2018-05-21 13:00:00,2018/5/22 12:56,2018/5/22 14:06,2018/6/7 13:32,2018/6/6 0:00
7de7d0f642682f06b2dbfd5a2e614ab1,fccc0ac1e7e53ba3df6e2b03dfb18c21,delivered,2018-05-21 21:50:00,2018/5/22 0:32,2018/5/29 14:33,2018/5/30 21:28,2018/6/4 0:00
9e223bb1dcd1b18c6f18c8530f8bd54f,97c7e43303db9a2be78a4d3691bfa9a2,delivered,2018-05-21 15:14:00,2018/5/21 16:35,2018/5/22 14:08,2018/6/4 14:34,2018/6/8 0:00
b5c4f14a0dee74d81b66f57da41ef77c,b6e5cac4424fac86b44df6506dc10334,delivered,2018-05-21 11:52:00,2018/5/21 15:06,2018/5/22 13:47,2018/5/24 1:44,2018/5/30 0:00
2da8623704f2a31c2f57526043b28458,ca95eb21df668f8ccf2e9f213b9527a5,delivered,2018-05-21 13:28:00,2018/5/21 16:14,2018/6/1 13:14,2018/6/2 12:41,2018/6/22 0:00
e0d821e9ff2e0fc0823d159792d9a2e6,1de444c2c8dfd4df7003d1d4b446ef94,delivered,2018-05-21 22:50:00,2018/5/22 2:15,2018/5/22 9:22,2018/6/21 15:46,2018/6/7 0:00
9ed2c225dae392f79f0842d160072572,4aef40631e110fb4b8b98da55666faf0,delivered,2018-05-21 23:35:00,2018/5/23 2:38,2018/5/23 12:58,2018/6/8 17:12,2018/6/20 0:00
4a5106153eb1387d4a830fd751deabdb,bb40f13fbd0503aeba9718ecd0cbf932,delivered,2018-05-21 09:19:00,2018/5/21 9:36,2018/5/22 13:29,2018/6/6 19:51,2018/6/20 0:00
fcfc50a9520809adee86b167b0cf297e,b06fdea956d8b0a32da0e6e8df86d347,invoiced,2018-05-21 18:01:00,2018/5/21 18:53,,,2018/6/7 0:00
058ac520863d0c0d57e3cf920de368d4,002b24cb2cd0c3e575040dbd278885e3,delivered,2018-05-21 23:17:00,2018/5/22 2:56,2018/5/23 14:51,2018/6/5 14:06,2018/6/8 0:00
ebf69daeb3fceb21afa198a31d7e77d0,91f973575342b45e9db3c64bebb4a338,delivered,2018-05-21 10:24:00,2018/5/21 15:32,2018/5/22 6:11,2018/5/26 16:56,2018/6/6 0:00
d8c9468038ac4ddc59b9cc15ee15cb0e,759bdc8779336011a659a2ce29d3c74c,delivered,2018-05-21 15:59:00,2018/5/21 16:56,2018/5/23 14:05,2018/6/7 18:11,2018/6/8 0:00
859c549cb42de5d30cfc3ef3ecc432a9,0b74ffe6ee712595a3d89e0cbda91be0,delivered,2018-05-21 13:24:00,2018/5/21 16:14,2018/5/22 7:02,2018/5/23 18:48,2018/5/29 0:00
d7ade8c5f36a13fc95c8251b9db08874,a2dbbb33079eae5f9f27ce19d9ad1b02,delivered,2018-05-21 16:42:00,2018/5/22 8:16,2018/5/24 14:11,2018/6/4 15:24,2018/6/22 0:00
da199a7491e600f839b6a5f580902cd9,b8a5c16528757594028cc97c84dae4c8,delivered,2018-05-21 11:54:00,2018/5/21 15:31,2018/5/22 7:58,2018/5/24 15:28,2018/6/4 0:00
fc2dd41f06d775c7fd26ecf8a529ae0a,e10e6a77a6eae703e39fd0fe6e453315,delivered,2018-05-21 21:34:00,2018/5/22 0:16,2018/5/22 14:44,2018/6/7 20:37,2018/6/19 0:00
0392da48d173776fc37d98de1a253370,07afb3a78aa11eb38f98dedc9200eaf2,delivered,2018-05-21 11:08:00,2018/5/21 15:32,2018/5/22 13:33,2018/5/23 16:38,2018/5/29 0:00
875457c60d42163f5d8bc4b4e94b2412,cc0c38361d064bff576ef1fc19336cb8,delivered,2018-05-21 15:15:00,2018/5/21 16:36,2018/5/24 8:41,2018/6/7 15:21,2018/6/8 0:00
1a3c522fdd0e9dd7afd78e03b2858a54,7025bf2c3dca2e1d48f783533403e776,delivered,2018-05-21 17:11:00,2018/5/21 17:56,2018/5/23 13:47,2018/5/28 19:17,2018/6/1 0:00
5a509a6537686bc8e701a4461631e965,cb38d00c9e5573f32758d4d3dfa382ab,delivered,2018-05-21 07:28:00,2018/5/22 8:16,2018/5/22 13:43,2018/6/4 15:02,2018/6/13 0:00
12110189ef70d77e946c6a0bd7b945a8,bf869ccfff4c893dbcb79dc0ca96043e,delivered,2018-05-21 11:42:00,2018/5/21 15:31,2018/5/22 13:13,2018/6/20 22:58,2018/6/7 0:00
76b6e31614254c057b381da95bf6a52b,30e355f2bc0cd7db3bc33d910327e71e,delivered,2018-05-21 16:49:00,2018/5/22 8:16,2018/5/25 12:40,2018/6/4 20:38,2018/6/7 0:00
bb4078da70b34609d9f52f149dafab11,2281999bb816e2e8dddc16a555597df7,delivered,2018-05-21 16:09:00,2018/5/22 8:16,2018/5/28 14:03,2018/6/7 19:24,2018/6/18 0:00
0fcebef7529661e5353748c86a31d90e,90687faca5a0ee41c930155f05b000d6,delivered,2018-05-21 10:14:00,2018/5/24 17:35,2018/5/22 6:53,2018/5/25 17:45,2018/6/5 0:00
52d737a419e3d5424beb6b55abd83bcb,a0b2aa76be2d444889ea8544f1ce13c3,delivered,2018-05-21 16:08:00,2018/5/23 2:15,2018/5/23 13:46,2018/6/6 22:47,2018/6/8 0:00
74003ffbdb30d86975836aa572b73fea,dc78d55133530e19155ad697d960e9df,delivered,2018-05-21 11:18:00,2018/5/21 15:32,2018/5/22 16:03,2018/6/5 19:04,2018/6/6 0:00
c0c9eba73d421ff348cf87bd24ca5609,cc4e9855d82fe909d861bcdf3dd081d2,delivered,2018-05-21 15:40:00,2018/5/21 16:55,2018/5/22 14:31,2018/6/4 14:26,2018/6/5 0:00
cc16ebef1f3a4045ed7084406d057749,c2dd4419fff3be4ee48f93165e30984b,delivered,2018-05-21 00:55:00,2018/5/21 1:10,2018/5/21 10:21,2018/6/7 21:47,2018/6/12 0:00
05234d05cd854695218f98bf84cd2489,e5dd0085eaef3be8578a19a6e88c7e10,delivered,2018-05-21 21:41:00,2018/5/22 0:32,2018/5/23 13:55,2018/6/4 23:23,2018/6/13 0:00
8e0681f2a4f1f64042b59780dc46125d,06dcae7b409e7ee3098993674b02f1c4,delivered,2018-05-21 16:27:00,2018/5/21 17:33,2018/5/23 14:53,2018/5/24 16:44,2018/5/30 0:00
2c4332bcf4179d16ad05541d8ddb7f58,457aeeec2a336c2fb6d7d4c8b28e621c,delivered,2018-05-21 12:30:00,2018/5/21 15:31,2018/5/22 12:26,2018/6/8 11:40,2018/6/12 0:00
530b181c9c1dd346c4ba0dd011b8d8f9,a70cecf0200548579a652f8e21a28dc4,delivered,2018-05-21 19:46:00,2018/5/23 2:38,2018/5/25 12:40,2018/6/3 20:12,2018/6/7 0:00
90707a3b41e1c6cde0740f9754490e92,015c5e6d8c584992072dd7b69f2fad3e,delivered,2018-05-21 19:51:00,2018/5/21 21:36,2018/5/22 14:18,2018/5/23 15:14,2018/6/1 0:00
c5d41b216e4b42500c5da2be17a74065,9fbabbe4238be3f2033ededc2d212b6d,delivered,2018-05-21 21:42:00,2018/5/23 12:54,2018/5/24 14:22,2018/5/28 16:41,2018/6/11 0:00
8fefd06158a60ed8326f8569d57532af,26bd92c58cbc9acf8e286bbdeea7ee61,delivered,2018-05-21 16:38:00,2018/5/22 16:58,2018/5/23 15:38,2018/5/24 17:27,2018/5/29 0:00
3814590ae0c00af31f205e41ebb9b270,e28fd47166be6c878520ec6039305379,delivered,2018-05-21 11:40:00,2018/5/21 15:32,2018/5/28 12:10,2018/6/6 11:45,2018/6/4 0:00
1b28920b3083a7e83efa240c1a6044c8,34c963eb186886d8b6c86c1678b98953,delivered,2018-05-21 14:47:00,2018/5/21 16:15,2018/5/24 15:14,2018/5/28 17:40,2018/6/18 0:00
48ae7c42ef48317f964c51175915407e,3c3b6570549f1c5b37ac7d54a9d4a893,delivered,2018-05-21 11:20:00,2018/5/22 9:36,2018/5/22 14:21,2018/6/7 20:15,2018/6/13 0:00
d98ac39e656f2ec3c692bb141a43f2ee,f9e600782b270dbc008106255da508dc,delivered,2018-05-21 16:03:00,2018/5/21 17:17,2018/5/24 7:31,2018/5/28 19:21,2018/5/29 0:00
59ee573107dc652d64099e2e834aa730,cd7ee6e3367e5736cecb04f82769db7b,delivered,2018-05-21 08:15:00,2018/5/21 8:31,2018/5/22 15:30,2018/6/2 21:56,2018/6/8 0:00
68ba0b1bfcbf8d877ba255499b0853cb,603583f5202f4702d8d3b5449c17b420,delivered,2018-05-21 10:49:00,2018/5/21 15:32,2018/5/22 14:15,2018/6/4 16:43,2018/6/8 0:00
c8da7aba86bfc11d56c767b13ba74d7f,a7ed2be1cd5fc71fed065c8c3e1357e8,delivered,2018-05-21 00:43:00,2018/5/23 2:38,2018/5/28 13:05,2018/5/30 20:18,2018/5/30 0:00
c3fb8e13cb37ff21273a1d90ebcf0896,7fa066d3b64a08894c8751a33d509928,delivered,2018-05-21 19:51:00,2018/5/23 10:18,2018/5/23 12:54,2018/5/29 15:23,2018/5/29 0:00
0a2de98201596f294c0d11b01a0100a7,d66257ac03cd3b43b15b41b8bc1db3b5,delivered,2018-05-21 07:25:00,2018/5/21 7:51,2018/5/21 12:57,2018/6/8 16:14,2018/6/14 0:00
0f845aa8f4dfa5eab70f31813b6f5ffb,1942836c2cf756f6ce519e15b8623d27,delivered,2018-05-21 22:59:00,2018/5/23 2:38,2018/5/29 7:16,2018/6/7 15:59,2018/6/20 0:00
6709606f3773c59d8bed53c0d9bb614d,0be4ccac4dad0eece92dc788cd5e9260,delivered,2018-05-21 00:26:00,2018/5/22 7:54,2018/5/24 14:54,2018/6/8 9:51,2018/6/11 0:00
b5c0376b6e5f1f85b97037f72d2424f3,3e2afe3cc806ad67ed3b5db52029ca60,delivered,2018-05-21 10:03:00,2018/5/21 15:32,2018/5/22 16:11,2018/6/2 11:09,2018/5/29 0:00
f319cdb9500c67c7a9f1b340da9c2d4d,d51cc254970c57a60ae33775ce9d7322,canceled,2018-05-21 18:19:00,2018/5/21 19:16,,,2018/6/7 0:00
cfcbcb27c542019ab41214587ea424ff,3ed3f75a928d331d57188f13690451de,delivered,2018-05-21 20:26:00,2018/5/21 22:33,2018/5/22 13:55,2018/6/7 20:10,2018/6/13 0:00
1028ff13ccfac9ceef23604d7974a6d2,377d7f9df8722eb28e148a6014eb40ae,delivered,2018-05-21 20:24:00,2018/5/21 22:33,2018/5/22 14:17,2018/6/6 19:38,2018/6/11 0:00
61fca2fa6ad79d201c9ac7e9d611db25,31b66cff9ba45d81e4eb8b0eea309fa1,delivered,2018-05-21 22:22:00,2018/5/22 1:15,2018/5/22 13:30,2018/6/9 14:58,2018/6/12 0:00
76361b050296df7e327ae497ed570427,573b8654cb5e34f524e337bc94ce387c,invoiced,2018-05-21 15:39:00,2018/5/22 16:57,,,2018/6/7 0:00
39a6ecead949b006d60a132d146ea284,279ca766397588e704abddd56d2dc131,delivered,2018-05-21 14:56:00,2018/5/22 23:17,2018/5/23 19:16,2018/6/5 20:12,2018/6/19 0:00
07b79f0a3ce4734c9f80f8f932ffd4ab,2278519c37e419c5da259c8c82395b99,delivered,2018-05-21 08:55:00,2018/5/21 9:10,2018/5/22 15:10,2018/6/2 16:12,2018/6/7 0:00
ddf2697b0c774f17d443112b787af490,5db54e170f4a30fc27d4d23e5f482e8d,delivered,2018-05-21 21:26:00,2018/5/22 0:16,2018/5/22 11:44,2018/5/23 15:22,2018/5/30 0:00
0507a74781354ea643bff372311d2a97,cdf96d2b0152fd28e7ded02cd0743815,delivered,2018-05-21 16:41:00,2018/5/21 17:34,2018/5/22 19:04,2018/5/23 19:32,2018/6/4 0:00
aca32a744ead78cb64a902170bf3147e,147d57c32f7addc4a7d0f123e7cc9c16,delivered,2018-05-21 11:49:00,2018/5/21 15:12,2018/5/25 14:45,2018/6/2 10:03,2018/6/12 0:00
caf09f63f8f702663028ad9c731a162f,eb88eef5ebdc8f095332eb571ece92fc,delivered,2018-05-21 14:37:00,2018/5/21 16:15,2018/5/22 13:02,2018/6/8 16:34,2018/6/20 0:00
59c6d70603e4c4447067afb1291d725d,7580e653b34e386ad0e3bfc986016011,delivered,2018-05-21 23:28:00,2018/5/22 2:56,2018/5/22 16:05,2018/6/6 7:13,2018/6/11 0:00
ed241a40fbcff0bd9429886e4b20f142,77d8952aaeafecb46131a4ad21ce672e,delivered,2018-05-21 17:38:00,2018/5/21 18:13,2018/5/22 15:50,2018/6/4 14:26,2018/6/11 0:00
91126b5e0117a1cb0c97cbdedc8184a8,3b3d78c1656e30478b0695716270bbf7,delivered,2018-05-21 19:06:00,2018/5/21 20:15,2018/5/22 14:12,2018/5/24 23:18,2018/6/4 0:00
8f13ca9482f62f69781a1141ebad41e9,8909a5e872689bcd657af5acc104a3ee,delivered,2018-05-21 16:24:00,2018/5/21 17:33,2018/5/22 13:51,2018/6/7 16:04,2018/6/5 0:00
7b9a13b4622d657fd5c9623a26099255,dba30f3c501abf84dd57a54fd03443ec,delivered,2018-05-21 20:41:00,2018/5/21 22:56,2018/5/23 14:31,2018/5/24 22:56,2018/6/1 0:00
c69f0380799b51f882ec31e9761cd497,788144ab1cae2ab28794815b0b101ee4,delivered,2018-05-21 21:37:00,2018/5/22 21:35,2018/5/23 14:14,2018/6/8 13:42,2018/6/21 0:00
eef9ed469692b10f7592bb267b18976b,599db69c933e5f5a111f44e413ecff87,delivered,2018-05-21 18:11:00,2018/5/21 18:55,2018/5/22 12:24,2018/6/6 1:40,2018/6/12 0:00
7c91640daf4cb53f476cd9db5eb0baf5,8ec0e7e091aa0efc08f80527888f7377,delivered,2018-05-21 11:07:00,2018/5/24 17:35,2018/5/21 15:05,2018/6/4 19:29,2018/6/6 0:00
4dfe63cb6237de0624ec0183a74b57e6,41db6f41c726aa7d57947b56d060907d,delivered,2018-05-21 14:27:00,2018/5/21 16:14,2018/5/22 13:03,2018/6/5 18:03,2018/6/7 0:00
0a245a02fe848f9fe7d36aba3f785d78,6d5507371e40197f19156f69f015c9f8,delivered,2018-05-21 21:29:00,2018/5/22 23:17,2018/6/11 14:31,2018/6/13 10:43,2018/6/13 0:00
8c13aa9bfa920854ca73694d94387d40,8ad17d877d2373c52b855c0eed7295bd,delivered,2018-05-21 11:39:00,2018/5/21 15:31,2018/5/22 12:24,2018/5/24 18:21,2018/5/29 0:00
0966b61e30c4a07edbd7523f59b3f3e4,2fcc597b8934d99715dbfff7909dd27f,canceled,2018-05-22 18:50:00,2018/5/22 19:17,,,2018/7/3 0:00
6f7c4d0e0bfea3787bfa435c00423420,3203358dce6a6dd1a5d190113a70b68a,delivered,2018-05-22 09:20:00,2018/5/24 2:35,2018/5/24 17:08,2018/6/5 13:24,2018/6/7 0:00
04e452498b75f049f617f5ed7ffc0633,52ebfe7b40ff6cbe2db79c566f36e6bb,delivered,2018-05-22 23:30:00,2018/5/22 23:57,2018/5/23 20:23,2018/5/24 21:18,2018/6/6 0:00
d6d5256fd785237c4ace6b84392b2e28,6c623f1b4503c2dbf54682681e0052c8,delivered,2018-05-22 11:32:00,2018/5/22 11:54,2018/5/23 14:15,2018/6/5 22:14,2018/6/7 0:00
4412d97cb2093633afa85f11db46316c,71901689c5f3e5adc27b1dd16b33f0b8,delivered,2018-05-22 13:43:00,2018/5/23 2:55,2018/5/23 12:50,2018/6/6 20:11,2018/7/13 0:00
ab9dddcfaf2bfc259fdeb299d2ed6d7a,1f9c514e935c014542b018d90b237a4f,delivered,2018-05-22 14:37:00,2018/5/23 15:35,2018/5/25 13:06,2018/6/1 19:42,2018/6/4 0:00
997aa6af22dd08ccfc5064a112a22aac,bb6f9466bf5441cce5105434c83f9297,delivered,2018-05-22 10:31:00,2018/5/22 17:15,2018/5/22 15:43,2018/5/24 12:50,2018/5/30 0:00
f7b744e4829a9d37480c48ecbbfc078b,66d54f0c4b597dbc5ae55f45bf4354cf,delivered,2018-05-22 13:54:00,2018/5/23 15:56,2018/5/24 13:50,2018/6/6 16:07,2018/6/11 0:00
7f1a619240cf71f520b13b660753f8c7,94d7782cb0c66411c4500df77bb6e3f1,delivered,2018-05-22 22:36:00,2018/5/22 22:56,2018/5/30 15:14,2018/6/6 20:58,2018/6/8 0:00
58f1c10f00a2c9c563d537758641a714,696ad1fdeacbc4ca39233fce7daa7986,delivered,2018-05-22 19:45:00,2018/5/23 2:54,2018/5/23 11:38,2018/5/24 22:08,2018/5/30 0:00
d5e6b060ecc28faa0d97b0202f739106,be927eee70bf4eeb40e6a9fda9e4e196,delivered,2018-05-22 09:48:00,2018/5/22 17:14,2018/5/23 9:50,2018/6/7 20:52,2018/6/19 0:00
f49b0d1c77d2f8b37c7579f4cbc8264e,60084b7d470df61a877bc270cae7f70f,delivered,2018-05-22 11:04:00,2018/5/22 11:37,2018/5/23 12:51,2018/6/2 15:51,2018/6/6 0:00
d54ad227d3a2a78d0be3e553d1512c63,69a0653c8d8642a01a4b09a155c1d3d0,delivered,2018-05-22 20:09:00,2018/5/22 21:18,2018/5/23 14:11,2018/6/7 17:56,2018/6/22 0:00
74cc459333ff2b04776fcdc6cf77c528,bf623f05377fb0a53548f51e46ec101b,delivered,2018-05-22 20:55:00,2018/5/22 21:18,2018/5/28 10:41,2018/6/7 16:47,2018/6/20 0:00
7b1ae58b5229a97d804f2275f3cbd3ed,d4821ee155d89b0b1b5b3460c88fafb1,delivered,2018-05-22 22:39:00,2018/5/22 22:56,2018/5/24 13:27,2018/5/28 17:08,2018/6/11 0:00
080480ad9ab2cde9dd7f580cc063ecc9,f14217ccfd1e2b7fc110ed55955ccbbf,delivered,2018-05-22 21:58:00,2018/5/22 22:16,2018/5/24 15:35,2018/5/29 22:52,2018/6/8 0:00
41d2688e10edaa4f87b2dad7aada4865,33059e481807ac22890c53c0e553cf5c,delivered,2018-05-22 15:21:00,2018/5/22 15:36,2018/5/23 13:32,2018/5/24 21:38,2018/5/30 0:00
08dd806c9344c87a3f061a6540a65041,bfa964abc76d954af38e02158e4c7946,delivered,2018-05-22 19:25:00,2018/5/22 19:36,2018/5/29 7:16,2018/6/8 18:08,2018/6/22 0:00
4ecaa89890ac8e7f9735c36fa6663dea,9127563d037bc55fcab2dab414304436,delivered,2018-05-22 17:44:00,2018/5/22 18:37,2018/5/23 6:46,2018/6/6 19:58,2018/6/11 0:00
be3522915c149522eb45df8854a71155,258409af397c249e483779937a4621d8,delivered,2018-05-22 12:51:00,2018/5/22 13:14,2018/5/23 12:26,2018/5/24 14:57,2018/6/4 0:00
aa87c4af248b5041ab8aa98338210d88,38189f2abad60e8555889178b232b953,delivered,2018-05-22 20:40:00,2018/5/24 2:34,2018/5/29 14:06,2018/6/14 6:14,2018/6/25 0:00
0cee13b4c26d8a1508693a49a3859285,ebe05f984c0130e49c774ce2c9688835,delivered,2018-05-22 05:26:00,2018/5/22 17:14,2018/5/23 11:38,2018/6/6 13:26,2018/6/7 0:00
da4b750c427bc88754c6c019045f7536,3acc9474e20338145d7a9e31318152ea,delivered,2018-05-22 09:07:00,2018/5/23 1:18,2018/5/23 11:29,2018/6/6 20:58,2018/6/8 0:00
69bec49dcedcbf07e8333244796dd70a,621c23f2d651357cb0c13e71fec8e0aa,delivered,2018-05-22 22:16:00,2018/5/22 23:18,2018/5/23 14:33,2018/6/7 16:54,2018/6/25 0:00
058af2b14bd6831bf3350cc96b0f4822,22e2382e2526b79392797774d529f259,delivered,2018-05-22 17:19:00,2018/5/24 2:34,2018/5/24 17:14,2018/5/25 18:44,2018/5/30 0:00
3d257c464d0525772e3408c2b25a8c31,b73534f953f7c9cbad86f6bfe75ab43a,delivered,2018-05-22 11:13:00,2018/5/23 2:38,2018/5/25 14:38,2018/5/26 15:22,2018/6/1 0:00
6a096fcdddba23fd2ee58971dcd1654e,eb8a54dde52e8436241c322baa3f95c2,delivered,2018-05-22 11:20:00,2018/5/23 2:15,2018/5/23 14:10,2018/5/24 16:12,2018/6/1 0:00
e8b4a4b281582a6ea90afb7a0e7a0eb9,20c6ce7432acf52ce53dfd747c8f6de3,delivered,2018-05-22 17:57:00,2018/5/22 18:37,2018/5/23 15:06,2018/5/24 15:05,2018/5/30 0:00
dac5a3700ef52670797c5f68b64baa8f,10a21e43dbcd02549e9f07c7a2c985b9,delivered,2018-05-22 14:54:00,2018/5/22 15:15,2018/5/24 16:41,2018/6/4 18:34,2018/6/14 0:00
a057392bd88e2acf040eb2a5674b557c,911ce2749529dc52f4f4b75ae306cc42,delivered,2018-05-22 21:44:00,2018/5/23 1:35,2018/5/23 15:11,2018/5/25 13:44,2018/5/30 0:00
9b41711934b43494976d4412d62deb1a,14c746d1ab062a46b0ddb1cb59cd8bbf,delivered,2018-05-22 09:55:00,2018/5/22 17:14,2018/5/23 14:34,2018/5/29 20:54,2018/6/21 0:00
e6b6557ce111de79b31cc857f20ba212,90c8fe0d707ea62be3fcb5abd7bc784f,delivered,2018-05-22 18:41:00,2018/5/22 18:57,2018/5/24 11:59,2018/6/16 14:34,2018/6/8 0:00
7068f768a623a654abf648def8753495,223c0edeb08f851824555202d03e9c1a,delivered,2018-05-22 13:29:00,2018/5/23 2:55,2018/5/23 11:42,2018/5/24 14:27,2018/5/30 0:00
79b33a695202057cda058f5ebbfaf3ea,88e8891e0592cb4850bdc4649ef72a9c,delivered,2018-05-22 16:16:00,2018/5/22 16:37,2018/5/23 13:15,2018/6/6 19:28,2018/6/14 0:00
1261388c490047bbb0ea823f9b75cc29,99dd58a09716d7329e3aea07aa5477c3,delivered,2018-05-22 18:15:00,2018/5/22 18:37,2018/6/5 16:16,2018/6/20 17:54,2018/6/26 0:00
086da3118e7ada3cfb7cce476954af52,314533dd95657b7de8748504efc89ce5,delivered,2018-05-22 09:51:00,2018/5/22 16:58,2018/5/23 13:50,2018/6/8 21:42,2018/6/22 0:00
d5949030ef220e0fdbf194f9ac503698,6fbb5f2850748f7d21c5c8b7a04abb29,delivered,2018-05-22 02:32:00,2018/5/23 2:38,2018/5/23 14:22,2018/6/5 14:27,2018/6/6 0:00
ea18597e57e0a18f0a113e6afe95423a,826bde95c0373381be2a3e6ebe9eb14c,delivered,2018-05-22 15:48:00,2018/5/22 16:19,2018/5/23 15:55,2018/6/6 14:31,2018/6/11 0:00
d688c0804e20281bdd7c7c864fe300fb,033f5ddbb536a477e81abd786f23f452,canceled,2018-05-22 20:31:00,2018/5/22 20:56,,,2018/6/6 0:00
549e5c65d1f41cb1c4d307752c3b9eae,6e888e003d673cdce73296c4b656fefe,delivered,2018-05-22 14:22:00,2018/5/22 14:34,2018/5/23 9:07,2018/5/24 20:51,2018/6/5 0:00
1e6b3e9b3559f895fe71446d124303a8,36fd65d22406eeb8543456a17187e97f,delivered,2018-05-22 11:51:00,2018/5/22 12:17,2018/5/24 8:58,2018/6/3 16:11,2018/6/7 0:00
a862fe780f3ed3292f7835882aad00b3,16c3c9fbca9023acba9f5b00daacc1f0,delivered,2018-05-22 20:25:00,2018/5/22 20:37,2018/6/4 14:20,2018/6/6 22:08,2018/6/12 0:00
154029fef0e3e2f72ef09775cc9d1af1,8179ff67fa0372e2cbc68facbb47ff62,delivered,2018-05-22 11:29:00,2018/5/22 11:53,2018/5/22 10:46,2018/6/7 20:58,2018/6/21 0:00
617aa5cf4b76fa15872c99667d8cc833,f5ab2251d475bf866925654740757b07,delivered,2018-05-22 10:22:00,2018/5/22 17:15,2018/5/23 11:14,2018/5/25 19:46,2018/5/30 0:00
ebd0cec55989d5589a5c4577f06ca9dd,685bc8cda67aaf7957992f50657f26a6,delivered,2018-05-22 14:50:00,2018/5/22 15:14,2018/5/23 8:41,2018/6/5 23:52,2018/6/14 0:00
38422d02f6afe2fd7a700d046a3cabee,e9d57c4662295c8b41c050d116d90a04,shipped,2018-05-22 15:04:00,2018/5/22 15:15,2018/5/23 12:55,,2018/6/8 0:00
a39f0c9adf755ada2f90b865904e8f1f,1b4390a2af254fa0c9e3f38bd33bc1c4,delivered,2018-05-22 20:58:00,2018/5/22 21:18,2018/5/23 14:18,2018/6/8 19:42,2018/6/26 0:00
6bdf325f0966e3056651285c0aed5aad,6289b75219d757a56c0cce8d9e427900,delivered,2018-05-22 23:08:00,2018/5/22 23:36,2018/5/23 19:02,2018/5/24 11:58,2018/5/30 0:00
27687629d1e64c201354bd2599e86782,b01592e974c5b73b5adc1cafc1ebb7e9,delivered,2018-05-22 18:47:00,2018/5/22 19:17,2018/5/23 12:23,2018/6/4 14:55,2018/6/11 0:00
3fe3f95b759ac932040fa128a84e41f5,81e25bfc02fbc899c8f1110e1b6f28de,delivered,2018-05-22 13:33:00,2018/5/24 2:34,2018/5/30 14:29,2018/6/5 17:19,2018/6/12 0:00
87a3e006d97c66817429be0d25039a7b,bec3214b41b011e0f2c974a2bdabfce7,delivered,2018-05-22 14:53:00,2018/5/23 2:38,2018/5/23 12:46,2018/5/24 15:48,2018/6/4 0:00
4b4d1573d0fb4a347214a8172a51fc16,c330c9cae22ab51f243bea0bc1310dec,delivered,2018-05-22 12:32:00,2018/5/22 12:56,2018/5/22 19:04,2018/6/5 23:42,2018/6/5 0:00
928e8e158d1096bf9bad69d9e927b6b0,925ddf3482c150d9e469c4b47d52e1c2,delivered,2018-05-22 20:21:00,2018/5/22 20:37,2018/5/28 13:19,2018/6/6 17:54,2018/6/14 0:00
bcd3f65a42c31d80afe51626263a8644,f95dec2dd92f1caa88e67cc83927b868,delivered,2018-05-22 23:23:00,2018/5/22 23:36,2018/5/29 7:16,2018/6/8 23:44,2018/6/27 0:00
1085720f31a2cf648549e3b8eee5db30,219f23d354eb4b07a861c97172f7ef73,delivered,2018-05-22 20:17:00,2018/5/22 20:37,2018/5/23 12:10,2018/5/24 16:46,2018/6/4 0:00
1d6bda6e5595652f956770a32ae4ba0d,c903f7a5a846c6117e671107d202286c,delivered,2018-05-22 00:49:00,2018/5/24 2:18,2018/5/25 13:48,2018/6/4 21:54,2018/5/30 0:00
982f11c6a768ad4cd2c08c45b259e5a8,0b7651ec101b5e85956d6cd186adcbc2,delivered,2018-05-22 22:45:00,2018/5/23 0:38,2018/5/23 14:52,2018/5/24 15:42,2018/5/30 0:00
2a979e13109e885e514dd6e33ea99895,cb77f3d2b5dc3e69b9cf55ada50e0c09,delivered,2018-05-22 15:56:00,2018/5/22 16:19,2018/5/23 14:22,2018/6/8 22:42,2018/6/11 0:00
8dff5f86ffac550293fa1de6e64cfe08,82d7ba990758833f6b915a05d21f89a4,delivered,2018-05-22 23:33:00,2018/5/23 7:19,2018/5/23 12:10,2018/5/25 17:56,2018/5/30 0:00
b8b8d73455ada889914390847d5e90b8,5627f4bd835bdebddbf03ccd77b117d5,delivered,2018-05-22 16:12:00,2018/5/24 2:18,2018/5/25 6:30,2018/5/28 22:58,2018/6/6 0:00
20824f4d96365315a1f191746a385a0c,4fb548a2a29046f4b1d54477725ee8d3,delivered,2018-05-22 22:24:00,2018/5/22 22:38,2018/5/23 13:04,2018/6/4 18:17,2018/6/8 0:00
b132124ca9d69faf63989e08a5851151,2e6d07b7d21a82360f3b981e93f20c45,delivered,2018-05-22 10:50:00,2018/5/22 11:14,2018/5/25 12:40,2018/6/4 19:26,2018/6/8 0:00
91d593443c46df640b0aed417f114374,9648b07145cfaa61d8ac6bc1bc294ebf,delivered,2018-05-22 14:23:00,2018/5/23 2:38,2018/5/23 14:59,2018/5/24 16:42,2018/5/30 0:00
c745e617482a01d21b32bca11a598621,2612c133977f2e61129d9b8ca5641fb2,delivered,2018-05-22 23:06:00,2018/5/22 23:17,2018/5/23 13:03,2018/6/16 11:06,2018/6/7 0:00
ea3925cbd40537018367b46fe65ee75c,475ab7a5bfe7b5de14fcb98efd3cfcf3,delivered,2018-05-22 10:26:00,2018/5/22 17:15,2018/5/24 10:07,2018/5/25 17:40,2018/5/30 0:00
111647853c748737a4d90751bcc75db9,5d44399566af5c2d0a047663518179fb,delivered,2018-05-22 12:38:00,2018/5/22 12:56,2018/6/8 14:03,2018/6/14 16:22,2018/6/21 0:00
efe7afc1f3087fc5294dd8a208208d4b,1409dbd0d0157ebe4c8d17e76ad0dfa7,delivered,2018-05-22 21:45:00,2018/5/22 21:58,2018/5/24 8:51,2018/6/4 15:40,2018/6/19 0:00
0d19bf95af32b57fe7835825f4b0fb3a,f533b752d5b1602dfc7d6b5135eb313e,delivered,2018-05-22 22:32:00,2018/5/22 22:56,2018/5/23 14:49,2018/6/6 18:19,2018/6/6 0:00
802d0f108d32ef094401c8cd4e965680,2ca6c5097107f90390b8798977b97c1c,delivered,2018-05-22 23:01:00,2018/5/22 23:17,2018/5/23 13:01,2018/6/4 20:47,2018/6/11 0:00
88356c5bbc83ec0e1f10866b51b33342,68d33255dae222bd6b4d4ccb0baebed0,delivered,2018-05-22 12:43:00,2018/5/23 2:38,2018/5/23 13:16,2018/6/1 19:29,2018/6/12 0:00
71b4f27c8c24d17a3c51c2e10613fa23,3dc8cf64aaa71f55d02fe4f0ebf4efce,delivered,2018-05-22 18:58:00,2018/5/22 19:17,2018/5/23 15:08,2018/5/24 22:36,2018/6/5 0:00
b11be1ce9a1f9812763eba8c91fc84bd,58f5438d2d90acfb562eca64525bceda,delivered,2018-05-22 14:39:00,2018/5/22 14:56,2018/5/23 13:44,2018/5/30 14:18,2018/6/12 0:00
525533c5eccb7f4665306a7e01783567,c1bb9c658a466e65be53b3c037672a3f,delivered,2018-05-22 17:18:00,2018/5/22 17:37,2018/5/23 16:04,2018/5/24 13:54,2018/5/30 0:00
071f0c6c7702218addddcbef0d46f76a,8bf2f12b614d32de2cb7ac7e1cc2602a,delivered,2018-05-22 22:17:00,2018/5/22 22:38,2018/5/25 14:06,2018/6/8 19:12,2018/6/12 0:00
b02577617dbe17d1ed25d63f6b47c413,92ece1b51cc7786e28203de4ae2608da,delivered,2018-05-22 23:47:00,2018/5/23 0:17,2018/5/24 13:55,2018/6/5 16:40,2018/6/7 0:00
432d2b5bc76e805e0a8adef4745ceb33,d4c35f67f4a92530ad04459c2986c162,delivered,2018-05-22 15:12:00,2018/5/23 15:16,2018/5/25 15:13,2018/6/6 20:16,2018/6/14 0:00
57c9111896af16f45672d7c46e445dd2,3cbf30135055d5e3921df3de14353b1c,delivered,2018-05-22 12:53:00,2018/5/22 13:14,2018/5/23 15:22,2018/5/28 18:42,2018/6/14 0:00
9e4732bc7d87af92e840a4427c41a5d9,22b28d7e0b56c8b79532c5799afd05ca,delivered,2018-05-22 12:30:00,2018/5/22 12:56,2018/5/23 12:33,2018/6/9 17:21,2018/6/18 0:00
b09d72418cab562c0f010453c7d1fcaa,5c3c2e670449ea5ba63f3d677e53b3af,delivered,2018-05-22 23:56:00,2018/5/24 2:35,2018/5/24 14:16,2018/5/28 19:12,2018/6/5 0:00
e81ca7ca15651afda77c69687b651bb5,b3c171ff72e6652a6cbeb21665f1bb3a,delivered,2018-05-22 22:47:00,2018/5/22 23:17,2018/5/23 12:56,2018/5/25 11:46,2018/6/8 0:00
1552dd7e036af008561d1a65bb12a622,cf29149f8aa3113a1b24783414be5483,delivered,2018-05-22 07:31:00,2018/5/22 16:36,2018/5/24 7:24,2018/6/11 21:20,2018/6/7 0:00
ef053dcc610734a709e3003f9f8c0b3b,b2879c8c135a510dbdcaf2e2cb9518c5,delivered,2018-05-22 23:56:00,2018/5/23 0:18,2018/5/23 13:54,2018/6/1 23:04,2018/6/12 0:00
f8d631ef8b5096ff7454bf32eb066adc,d2097ad5b2a41f250574fcb77d7515cd,delivered,2018-05-22 23:36:00,2018/5/24 2:35,2018/5/30 13:44,2018/6/4 17:28,2018/6/25 0:00
dd9ab4c3632ba0320014ad633ea52470,aac1312b09bbe8ff9595f5c15f9906d7,delivered,2018-05-22 17:38:00,2018/5/22 17:56,2018/5/28 13:18,2018/6/12 23:51,2018/6/8 0:00
591d010258be8e3bc48d82503022a507,c46809cdeaa8e5698a9169c27de52b7b,delivered,2018-05-22 13:04:00,2018/5/22 13:15,2018/5/25 12:41,2018/6/7 19:52,2018/6/4 0:00
f1b0d27b392edf2469778d8885fc2375,1e73856ff88f7317350280a958fa25e2,delivered,2018-05-22 15:14:00,2018/5/22 17:36,2018/5/24 12:59,2018/6/8 19:28,2018/6/12 0:00
4884bd0f5624b0b791920965686cf6ff,9ea3c1c432aa8be6b9c04d7fea7f66ed,delivered,2018-05-22 17:58:00,2018/5/23 12:00,2018/5/23 15:26,2018/6/7 22:48,2018/6/12 0:00
ff92fd3088a85112214acbc08d72afbf,49f4d10e2b8d62d6346a0f8f8a4eb064,delivered,2018-05-22 20:17:00,2018/5/22 20:37,2018/5/23 14:54,2018/5/30 23:44,2018/6/1 0:00
7b8327bef89b921c5f3ca8b3769b0a67,11432980fc24e66e242ef4b068659f61,delivered,2018-05-22 17:46:00,2018/5/22 23:17,2018/5/24 11:46,2018/5/25 14:51,2018/6/1 0:00
a610609ae68611c8fdb97f1002636127,61db6421e5fab4bba7bd2db218fba49c,delivered,2018-05-22 08:28:00,2018/5/22 19:17,2018/5/29 7:16,2018/6/6 16:39,2018/6/14 0:00
38e9ed036b2be6953ae1a0e9df7d01d0,97bed780a4c65afe88f387a9918832d6,delivered,2018-05-22 21:18:00,2018/5/24 2:18,2018/5/24 8:37,2018/6/7 20:59,2018/6/7 0:00
e5a848c6a67b48a0f85bb44ef9fe5c5a,0dccee4f33390ac6dfa9e227c3ebbb94,delivered,2018-05-22 12:02:00,2018/5/22 12:34,2018/5/28 12:25,2018/6/1 18:22,2018/6/8 0:00
b3d481d6ef4fe95f82baa8d0689de1bb,04a0f320323673ed32272d2ee4d5cf39,delivered,2018-05-22 10:59:00,2018/5/22 11:15,2018/5/25 10:54,2018/6/8 23:25,2018/6/8 0:00
f54625bd1c01cb2de21cb256de818cf2,428ce83b5723026d8b5a9e96a91c6127,delivered,2018-05-22 19:53:00,2018/5/22 20:17,2018/5/29 7:16,2018/6/7 21:22,2018/6/14 0:00
aced4ae5d9332b2f1020d42e4718f532,369cf8a959e34a7f6da94416d4b755c2,delivered,2018-05-22 21:56:00,2018/5/24 2:34,2018/5/24 15:22,2018/6/14 19:17,2018/6/20 0:00
8edea5ffb8590a3d80178d4c04728115,70ce00d5265b632d92312d46d2e1fa86,delivered,2018-05-22 21:06:00,2018/5/22 21:18,2018/5/24 14:07,2018/5/28 19:12,2018/6/7 0:00
2b2d14ba52a8e26e96997f82fa596480,dfe9825762431b40b05e387b94712d60,delivered,2018-05-22 17:47:00,2018/5/22 18:37,2018/5/23 11:05,2018/6/7 20:42,2018/6/8 0:00
da095f1f4d7e0e3111772d51a08ad079,4d6c419b936a841d738247d0800f430d,delivered,2018-05-22 09:56:00,2018/5/22 17:14,2018/5/23 14:12,2018/5/24 16:05,2018/5/30 0:00
9934c4532c0567cd2210f7fd9041bcb7,efbf2ed09046e731a78937eff84b3c04,delivered,2018-05-22 09:31:00,2018/5/22 16:58,2018/5/23 12:30,2018/6/4 13:05,2018/6/7 0:00
b54c6666f7fa81c90e0122c872e26ea9,0b1eba4495cff96b5050ccfcd08acbe7,delivered,2018-05-22 08:46:00,2018/5/23 1:18,2018/5/25 13:04,2018/6/1 17:55,2018/6/12 0:00
37b5f8fa6640877a2177f9958e451479,eb02a36eb018df6508dd28c2f2a96f7e,delivered,2018-05-22 21:36:00,2018/5/23 2:38,2018/5/23 13:49,2018/5/28 18:52,2018/6/11 0:00
757c03a0d7aec28457ee8d2e73c84836,bf4539869e1b193726a27a66da9ba8f4,delivered,2018-05-22 10:18:00,2018/5/23 2:38,2018/5/23 13:04,2018/6/6 0:07,2018/6/8 0:00
c081663d30ea7be7a682297870e2ad02,b3e9562798f3d60acc4439b3187e9659,delivered,2018-05-22 15:54:00,2018/5/22 16:36,2018/5/23 11:54,2018/6/8 1:26,2018/6/13 0:00
c2d9de2193f28a8b964cf36417cbaf92,9bc2456a5cf9a1e1ef2f4fc535da934e,delivered,2018-05-22 18:28:00,2018/5/22 21:18,2018/5/29 13:47,2018/6/6 14:18,2018/6/25 0:00
2a5fd2bee90721df67729d2e85221278,aca1c958b4ce2b798919091d10296965,delivered,2018-05-22 21:38:00,2018/5/22 21:58,2018/5/23 10:55,2018/5/24 15:10,2018/6/11 0:00
59f57538f2bcce08e3c18db962cfee83,cbc8bda19960ddbaa52c958ed055b4ad,delivered,2018-05-22 23:20:00,2018/5/22 23:36,2018/5/23 9:40,2018/6/4 21:14,2018/6/13 0:00
c505b8336db9c66f9459056a2ec767b5,1c23fa37a6dcae855a1ee2960ca1c957,delivered,2018-05-22 13:59:00,2018/5/23 2:15,2018/6/6 12:19,2018/6/12 9:26,2018/6/21 0:00
696d4e01a87ead29fa5f8066ed27d4f1,50111fb86c6159052296bbf2598ef7ee,delivered,2018-05-22 18:04:00,2018/5/22 19:17,2018/5/23 11:51,2018/5/24 14:24,2018/5/30 0:00
a8f2de0bd364d148696276ada61777f7,5f7a57e2b8a60c5504cf3d41c267b0f1,delivered,2018-05-22 11:59:00,2018/5/23 8:39,2018/5/23 19:01,2018/5/24 18:58,2018/6/5 0:00
cd5b7d5b405a2cee7a15972eaa47f1d3,817b60b1eb3a1cffa66753a501a4987f,delivered,2018-05-22 12:22:00,2018/5/22 12:35,2018/5/23 14:58,2018/5/24 10:49,2018/6/6 0:00
1eb97a2872622c806ced6cd018ac6b39,91419fe363756e3e909a63529629b5a9,delivered,2018-05-22 19:11:00,2018/5/22 19:36,2018/5/23 15:29,2018/6/2 14:22,2018/6/6 0:00
24040b0114230e6113ea96d0161ff4a9,3a560621e7e9947e505bc42ad8321241,delivered,2018-05-22 08:33:00,2018/5/22 19:17,2018/5/23 12:14,2018/5/24 12:41,2018/5/30 0:00
98ef53f8c85f44d32822ff0b857e8a16,9250517f30bcca8bbc5c037376dc0be2,delivered,2018-05-22 13:57:00,2018/5/22 14:16,2018/5/23 14:46,2018/6/5 22:42,2018/6/6 0:00
71fb5cbef1b7743f40cfc5ba116ee448,2268d727e31908e4c2a280e18ffbec4f,delivered,2018-05-22 18:09:00,2018/5/23 2:15,2018/5/23 14:13,2018/6/5 19:09,2018/6/8 0:00
c5009ef153ccebb4f2dfd12660198737,576559b61237a8086828a22482251079,delivered,2018-05-22 12:46:00,2018/5/23 2:15,2018/5/23 9:50,2018/6/1 18:02,2018/6/6 0:00
e31c3e361313ee8c43db7ad4ced7293c,19797c1b94a09f78336624ef4093e252,delivered,2018-05-22 11:07:00,2018/5/23 2:38,2018/5/23 13:37,2018/6/7 23:34,2018/6/12 0:00
32eb0f90dda75dfccbc4db176c3e3cc1,23e03808c06cda431f64cf0086a8a895,shipped,2018-05-22 10:13:00,2018/5/23 2:15,2018/5/23 14:18,,2018/6/7 0:00
446c4ce86a1a5e91febd73e589af48be,a0e5d53655b9f400cffca490636e2fb6,delivered,2018-05-22 19:40:00,2018/5/22 19:57,2018/5/25 11:34,2018/6/6 17:13,2018/6/11 0:00
150da40a26382d8954208e5bd858c285,5c1e671a4aa801765a27d5081fc1622a,delivered,2018-05-22 11:20:00,2018/5/22 11:37,2018/5/29 7:15,2018/6/6 20:22,2018/6/14 0:00
22085be04a775c3ed4245c35bd9f822f,7675279aa67fc4800dd667d60cc92713,delivered,2018-05-22 10:25:00,2018/5/22 17:15,2018/5/23 13:37,2018/6/4 15:38,2018/6/8 0:00
f114423a7de9ef07e6944ab372f261f3,93bbd56b1afee41579b1394c6b86679b,delivered,2018-05-22 18:35:00,2018/5/23 2:38,2018/5/23 13:13,2018/6/7 12:38,2018/6/13 0:00
d39ad9ed7c8e172c6d6652a7480c7dac,9bbe61b2cd24f71cff01923e6fa61a0f,delivered,2018-05-22 17:44:00,2018/5/22 17:56,2018/5/23 13:51,2018/5/29 16:38,2018/6/11 0:00
7865280b7f716318630d85eb2ea9cd17,5106f2d4640d186ff66f6d4001b58146,delivered,2018-05-22 15:30:00,2018/5/22 15:58,2018/5/23 14:16,2018/6/1 20:38,2018/6/8 0:00
f93b3cb75ff8589459a1280b46c3b6b4,5b90f32250ae148d5e833a5add2c9adc,delivered,2018-05-22 16:17:00,2018/5/22 16:57,2018/5/23 14:13,2018/6/6 20:32,2018/6/14 0:00
6bbd90ca863235a9127bcc432f30af08,c16bec2b01fabb4f62303a573abfc285,delivered,2018-05-22 13:46:00,2018/5/22 13:55,2018/5/23 16:48,2018/5/28 14:28,2018/5/30 0:00
dc29ff8af44169bdd140d5e40575da43,fde106d687f66d052aa9b6b169f250d0,delivered,2018-05-22 18:00:00,2018/5/22 18:37,2018/5/23 14:39,2018/5/26 13:28,2018/6/5 0:00
c37d7909bc3c1037311795c9056acfc6,7f32b15eb2186290931b86a68f04807f,delivered,2018-05-22 13:06:00,2018/5/22 13:35,2018/5/22 15:27,2018/6/1 21:54,2018/6/11 0:00
738160e1aad4624cf632d3c29d428bfb,3e66d46ea1ea4b0c41a363bb6d9b7c86,delivered,2018-05-22 19:54:00,2018/5/23 1:18,2018/5/23 13:39,2018/6/5 14:45,2018/6/11 0:00
7f71c35ab1193f2ad44d9359a7a0f1ff,0a54533958d2154acac19127918beec0,delivered,2018-05-22 19:36:00,2018/5/22 19:58,2018/5/23 15:09,2018/5/24 17:28,2018/6/5 0:00
2d48a0bfbce1c7340ddc2571ed138bd5,41c34c255ad1afe994d16365b81a200b,delivered,2018-05-22 14:02:00,2018/5/22 14:16,2018/5/23 14:28,2018/6/4 16:03,2018/6/13 0:00
828ec0fd3fcf6cba19936aee52687ef0,c3036aa75fc90c5000fddc9ec49012eb,delivered,2018-05-22 10:51:00,2018/5/22 11:14,2018/5/22 12:53,2018/6/7 19:41,2018/6/13 0:00
a406f3654d0144e1d742f8e7d6b30060,784c48fe06146504e45dbeb7601142ac,delivered,2018-05-22 11:44:00,2018/5/23 2:55,2018/5/23 15:06,2018/5/26 17:48,2018/5/30 0:00
d2cc8035105135134664cddca3fd2599,b796c5b32054639e5707a7996edac9d7,delivered,2018-05-22 23:15:00,2018/5/23 23:15,2018/5/24 13:48,2018/6/7 20:18,2018/6/11 0:00
c06b0f8528c7ed361a2e911e8e20a3f2,3bf32c05eb3a093e4eef1d4f3630d8b5,delivered,2018-05-22 11:18:00,2018/5/22 11:37,2018/5/22 14:28,2018/5/25 20:31,2018/6/7 0:00
711e7d3df4f235b658144c3723903c6a,95c4015e1361fee6cf2367266ae409cb,delivered,2018-05-22 19:36:00,2018/5/24 2:34,2018/5/28 13:06,2018/6/6 22:32,2018/6/14 0:00
4887f9be54f6d2f1df67e5f7ca46216b,06fd550709e851b276dc96774077fa0f,delivered,2018-05-22 23:14:00,2018/5/23 0:20,2018/5/23 15:01,2018/6/8 17:58,2018/6/13 0:00
dc7bacef52434bbb170215d90c616a54,adcaea0e5307a0655aa9302836e89410,delivered,2018-05-22 08:35:00,2018/5/23 1:18,2018/5/23 14:37,2018/6/6 15:42,2018/6/7 0:00
0cf6d9903d24cb0d6ef8817a9612fbfd,e9a600a9582d96365e2d57f4e2f6533a,delivered,2018-05-22 09:35:00,2018/5/23 2:38,2018/5/28 13:16,2018/6/4 17:48,2018/6/8 0:00
a2603cde1eaeb66a0b1519fb923666ad,98cea3d5a9481eb59430c80af600f8ed,delivered,2018-05-22 18:09:00,2018/5/22 18:37,2018/5/25 14:33,2018/6/8 21:08,2018/6/8 0:00
f2a9a390ab5775c0fddbb8e49ae95614,78f2dde0b75935b85e0d45ba45ff23cd,delivered,2018-05-22 20:14:00,2018/5/22 20:37,2018/5/25 6:30,2018/5/25 16:38,2018/5/30 0:00
7e6a53c33d1a45a56251e3153392aca1,8e1407247fe5c1268be459f9b9d0d7f7,delivered,2018-05-22 13:15:00,2018/5/22 13:36,2018/6/11 9:08,2018/6/19 20:16,2018/7/5 0:00
5347a7f07b3387d2dd23be64b9ceea32,346299cd59e7a881a48a074d8cec5694,delivered,2018-05-22 15:48:00,2018/5/22 16:19,2018/5/24 13:46,2018/6/2 16:08,2018/6/6 0:00
593aa81f175c9cfc867c5fe71a508127,0786714cb4a6c2612752d9f00bf1a0fc,delivered,2018-05-22 20:11:00,2018/5/24 2:34,2018/5/28 15:39,2018/6/5 14:18,2018/6/8 0:00
758c123811f3da2280246ba25f4938d1,90846c8af61d95ef1e68494b650d0bd7,delivered,2018-05-22 19:45:00,2018/5/23 19:55,2018/5/24 14:33,2018/6/6 19:18,2018/6/19 0:00
7ea0da84e90dc5664dfa82a3ba9fff63,c3fd83a698a21d0b48ee2b8599a8bc25,delivered,2018-05-22 15:52:00,2018/5/23 2:15,2018/5/23 11:10,2018/6/21 0:34,2018/7/2 0:00
8250f4901ec804e830f26ef6fc285138,34c77e04dfcf650b34a877d30b89bbf5,delivered,2018-05-22 22:37:00,2018/5/22 22:56,2018/5/24 13:29,2018/5/25 20:51,2018/5/30 0:00
955d472a5c7c0e6ee8d3ae51e258cf6a,462a17cd00cf6ff721ccf8ad82fac28d,delivered,2018-05-22 11:03:00,2018/5/22 11:15,2018/5/22 14:41,2018/5/23 19:13,2018/5/30 0:00
bded443ac67a4c815ca74ea219ad30e7,1a105b14b5e38a1fd4ad59c1aeace83e,delivered,2018-05-22 16:17:00,2018/5/22 16:57,2018/5/24 13:51,2018/6/1 19:52,2018/6/4 0:00
f2a51fb7a0d5651178c11509d8d98f5e,c52d49541e95efb5f54fe6b14295c3ce,delivered,2018-05-22 22:47:00,2018/5/22 23:17,2018/5/24 13:21,2018/6/4 19:57,2018/6/14 0:00
e010818e0f8eab0076d80f8699a22aa6,cb99d5f1c5278ded64a20fc48b03fd20,delivered,2018-05-22 23:00:00,2018/5/24 2:34,2018/5/24 14:09,2018/6/4 14:56,2018/6/7 0:00
0a814d38aa19654a3f35654847ba74b1,7d5bfe0ecf07750475619272cdd9b6d4,delivered,2018-05-22 07:41:00,2018/5/23 2:15,2018/6/11 11:37,2018/6/12 17:28,2018/6/18 0:00
a8214c9e03a43c854489256848d39323,c25d0e3052c2c12a7cbdbe5c467f2db8,delivered,2018-05-22 16:22:00,2018/5/22 16:58,2018/5/30 14:07,2018/6/5 22:00,2018/6/6 0:00
08b1d58f92c4e0dabb12dfa3d57f3b41,88b5387eec4d67f115960a554d9040a3,delivered,2018-05-22 11:40:00,2018/5/23 2:15,2018/5/23 15:21,2018/6/5 21:12,2018/6/7 0:00
27fee5c620c806ed4f239ed553fca699,9dca8837b7f9fc25ae379a58bb66094d,delivered,2018-05-22 12:27:00,2018/5/22 12:56,2018/5/22 15:36,2018/6/3 18:39,2018/6/7 0:00
918e5db39b90c133257cfa0944fd9d4e,b3ac68842e5f6876589aaaa59a1e648c,delivered,2018-05-22 18:45:00,2018/5/22 23:17,2018/5/23 14:20,2018/6/8 23:03,2018/6/27 0:00
3c1bdb3d635a802bc38ca0b87c14f2e5,6d869e6b0b62654adddfa7f8dcc8f2f4,delivered,2018-05-22 09:36:00,2018/5/22 16:58,2018/5/23 14:53,2018/5/24 18:04,2018/6/1 0:00
e713f65c5d4bdb8c51c935cd205c3b22,d30a43ef4613415982f5d40a4d0e47bf,delivered,2018-05-22 07:56:00,2018/5/22 23:36,2018/5/23 13:03,2018/6/18 17:09,2018/6/8 0:00
75d1c72933a62884ff7ead0752bdde06,adc6fbf06bb6d3f2e94e627158d44948,delivered,2018-05-22 21:59:00,2018/5/22 22:15,2018/5/24 23:06,2018/5/25 16:18,2018/5/30 0:00
acb8a8355ba526f10697c17f40dc3352,232fc199e2c1159c64a569a38816e593,delivered,2018-05-22 09:53:00,2018/5/22 17:14,2018/5/23 14:12,2018/5/24 15:40,2018/5/30 0:00
0194686a55eb0a869321fb107f4d114a,b577ba81b673d2fad6f974650f3dbb5a,delivered,2018-05-22 15:15:00,2018/5/23 2:15,2018/5/23 15:27,2018/6/4 19:05,2018/6/8 0:00
9ee3edc7733fa734090a08a679636037,73ad662b1379dda5eb0c27774a0376d7,delivered,2018-05-22 12:47:00,2018/5/22 12:56,2018/5/23 14:33,2018/6/7 16:40,2018/6/13 0:00
1da4a48423b45db9eb872fbd7b5eaccb,704ece8ed0f1ba814027c5f615478165,delivered,2018-05-22 18:31:00,2018/5/22 18:57,2018/5/23 13:35,2018/6/14 15:06,2018/6/8 0:00
fa2211e05a1ebb8eedfa015e5d6d7957,62a91310a7666cefb5f7275f731338db,delivered,2018-05-22 15:11:00,2018/5/24 2:18,2018/5/24 15:37,2018/5/28 16:08,2018/6/4 0:00
fcaa27705f4857554664f4e54825d593,0f4fdd519d9533f65a7190ae9a25628f,delivered,2018-05-22 09:10:00,2018/5/24 2:18,2018/5/30 14:41,2018/6/6 19:03,2018/6/22 0:00
c82fe0a88b7cc1ab65215b3ddd3d6000,7879a620ff6156a091fe7a57f92720cd,delivered,2018-05-22 08:05:00,2018/5/22 19:17,2018/5/24 13:55,2018/6/4 17:58,2018/6/7 0:00
ef62be15e919755500885ea4b14c86c1,d3c66ed711b20dae6b22d583674f1e00,delivered,2018-05-22 11:11:00,2018/5/22 11:37,2018/5/29 7:15,2018/6/5 20:16,2018/6/8 0:00
dc0ca34b53f7a8ca4217e1dd6b32496e,c5e9fffc86cfd08b334b8926e15212ec,delivered,2018-05-22 12:43:00,2018/5/22 12:56,2018/5/23 13:41,2018/6/7 20:18,2018/6/14 0:00
c81a53ce413fcbd0a95b2cd1f82602c7,852b5864d6d4cec1a712d2ec772e614b,delivered,2018-05-22 14:06:00,2018/5/22 14:34,2018/5/23 11:59,2018/5/24 16:42,2018/5/30 0:00
7d038f7eeec76a7eb898fef8a12e6157,61e6da519b71bef0cff6229f20cf8308,delivered,2018-05-22 15:29:00,2018/5/23 2:15,2018/5/25 15:00,2018/5/28 23:18,2018/6/1 0:00
c2cf3ca69af4ed31917198c6ba97107e,facdebe2c7dd497ca57b102f97cf8dd3,delivered,2018-05-22 12:06:00,2018/5/23 2:38,2018/6/5 12:47,2018/6/9 14:08,2018/6/12 0:00
12b3cb06983f9c76f13d142a0eccb640,7be0c64fb878990a23edc4db7516bb0d,delivered,2018-05-22 22:07:00,2018/5/24 2:34,2018/6/6 11:20,2018/6/9 0:06,2018/6/14 0:00
08f037463ef8a43a35237ad2029f316b,7c29841bc24b6a0a94f8f6a9769fb54c,delivered,2018-05-22 21:30:00,2018/5/23 15:35,2018/5/24 15:02,2018/6/5 20:52,2018/6/6 0:00
97ed3c46d9b6ed13afaa7d8779322d5b,e06e47b5560e84764eff2349b2b33f31,delivered,2018-05-22 19:00:00,2018/5/22 19:17,2018/5/25 13:48,2018/6/3 12:51,2018/6/7 0:00
7001c5d40dac04eddedef23c5d003e44,2182d65020bc195497d58fc189aff303,delivered,2018-05-22 11:57:00,2018/5/23 2:38,2018/5/24 16:17,2018/6/4 21:58,2018/6/6 0:00
7a74611af770d37eb88aa4c25cc04eb6,130ee9e3044b8bb7d6b1a012428b1860,delivered,2018-05-22 20:08:00,2018/5/22 20:37,2018/5/29 13:27,2018/6/1 13:38,2018/6/6 0:00
d9abc12fab04ae2bd6cd0a45a66ca19f,c218529250a07c74ca7097f1ca468751,delivered,2018-05-22 13:25:00,2018/5/22 13:54,2018/5/24 15:35,2018/6/6 22:52,2018/6/13 0:00
b95cae4001dc3efdaa739478cf9c92e4,79de53946db384e2d7a9bd131792ad17,delivered,2018-05-22 01:43:00,2018/5/23 2:38,2018/5/25 13:47,2018/6/3 14:53,2018/6/11 0:00
2c8d9784e391f6ad2c09094366d48226,15397786b3c38d34b68114c1d4c012b4,delivered,2018-05-22 21:43:00,2018/5/23 21:55,2018/5/24 9:14,2018/6/8 18:29,2018/6/6 0:00
6c55bf4d09523cf2a72a452cdc0f0a80,167942ac36320cf928d02b8db358c67a,delivered,2018-05-22 15:45:00,2018/5/22 16:19,2018/6/7 14:01,2018/6/11 17:35,2018/6/18 0:00
decf73db7f53552bc92e1720be4f0995,63880f01e6552a098dc27ff21a302661,delivered,2018-05-22 17:55:00,2018/5/22 18:37,2018/5/23 13:01,2018/6/2 14:36,2018/6/8 0:00
6554129577eff36836f1a93894b64f42,a84711e56d7a04f229261f6c61d59733,delivered,2018-05-22 14:11:00,2018/5/22 14:34,2018/5/23 14:08,2018/6/6 17:29,2018/6/12 0:00
0ed4bf3a5a970c8b076ce4ccec0acc4b,1eba0a3110dfb65297fc6fe9959c3641,delivered,2018-05-22 19:44:00,2018/5/23 15:57,2018/5/28 14:03,2018/6/7 16:32,2018/6/6 0:00
2d0f32fa8bc7885514c176ca48f798d6,da4534e0fbc4cd11a6f9103c62b9b02e,delivered,2018-05-22 14:50:00,2018/5/24 2:34,2018/5/24 11:22,2018/5/30 16:29,2018/6/7 0:00
02a96427d96112413499795f52a9a4e8,8be8e4ee7186b2a8a787a41244afe1e0,delivered,2018-05-22 19:29:00,2018/5/22 23:17,2018/5/28 12:50,2018/6/1 20:38,2018/6/5 0:00
c4c643aeb02923c77740ba7cd42005bb,23b3d991e218333de2eef7afab2147db,delivered,2018-05-22 13:33:00,2018/5/22 13:54,2018/5/28 14:04,2018/5/29 17:04,2018/6/5 0:00
bce98eda64f85a2ff206547445903c44,12e4a19dc6e45ef98cd54b0f15c18db5,delivered,2018-05-22 18:23:00,2018/5/22 18:37,2018/5/23 12:32,2018/6/6 20:54,2018/6/8 0:00
09d048d5bfb9dd1a82f696ce9863e9b0,fad67e7a03b7988057f8a83c285f36de,delivered,2018-05-22 21:20:00,2018/5/23 0:17,2018/5/24 13:56,2018/6/11 22:04,2018/6/20 0:00
8dc71d90daff59b6abf5eba2e80fa928,185086f7b5b98370b0d12e2100a69e08,delivered,2018-05-22 09:36:00,2018/5/22 16:58,2018/5/23 13:33,2018/6/4 17:54,2018/6/13 0:00
8c855550908247a7eff50281b92167a8,fffeda5b6d849fbd39689bb92087f431,delivered,2018-05-22 13:36:00,2018/5/22 13:54,2018/5/25 13:25,2018/6/8 18:03,2018/6/29 0:00
8d522f62d3cf573581ad306fd7f5179d,db30114574526d8a6cbe501bdf6a6cbe,delivered,2018-05-22 19:25:00,2018/5/22 19:36,2018/5/23 12:21,2018/6/4 19:27,2018/6/6 0:00
1bbc88b68b941f9352e624b4ee9ae132,97e094571319765cd343ec2e0c5640f4,delivered,2018-05-22 01:07:00,2018/5/22 5:12,2018/5/22 12:36,2018/5/23 19:12,2018/5/30 0:00
43070b94b6d741a764e8e1ba4a2ea91d,373facce3e17d33fec7df11c961c6ff1,delivered,2018-05-22 20:33:00,2018/5/22 20:56,2018/5/25 14:24,2018/6/4 20:52,2018/6/11 0:00
a28b3de806c533911fe9d9bb425f1650,e3ef5a42b9831a6c2a529201fcccf054,delivered,2018-05-22 23:07:00,2018/5/23 23:15,2018/5/24 13:13,2018/6/8 15:07,2018/6/29 0:00
5383100ab6c62e727e4dc0b9bac3f286,a0a7bc3b5534b1f758cfc59d08ba4391,delivered,2018-05-22 08:59:00,2018/5/23 1:18,2018/5/24 9:40,2018/6/20 22:28,2018/7/4 0:00
b976379b0ba072030d6d1aba2f370d7b,ad3f07a4054852c521ff9e3ce2d9a682,delivered,2018-05-22 20:55:00,2018/5/22 21:18,2018/5/23 11:32,2018/5/24 16:56,2018/6/4 0:00
48fed69e8c28ac23a9d7f5631ff45397,04216e3374a4ddb59314b1f5fc9cc410,delivered,2018-05-22 13:28:00,2018/5/22 13:54,2018/5/22 14:31,2018/6/9 12:28,2018/6/6 0:00
25d2bfa43663a23586afd12f15b542e7,9d8c06734fde9823ace11a4b5929b5a7,delivered,2018-05-22 21:13:00,2018/5/22 21:35,2018/5/24 12:28,2018/6/12 23:11,2018/6/8 0:00
ea9215d79709bb4917f0d0976eb91d17,5bd7d2276e288fc3b5567b6aecf35504,delivered,2018-05-22 11:15:00,2018/5/22 11:37,2018/5/29 7:15,2018/6/6 20:11,2018/6/19 0:00
b09b18fbceead5d238576060df8d45cc,ff1d1612f46b4241ffbc70a45912de1d,delivered,2018-05-22 16:40:00,2018/5/22 16:58,2018/5/24 14:47,2018/5/25 21:51,2018/6/1 0:00
b616f638cd86d92c7cbd06cf7484ee34,8458f7ae02bda5950ce48c01a720559a,delivered,2018-05-23 16:37:00,2018/5/23 16:56,2018/5/24 16:13,2018/6/6 14:06,2018/6/8 0:00
16cb3a72f04e248a1244b076ce0d9bb7,ff9c535af2f9325df8f3c81f30f60b8b,delivered,2018-05-23 14:21:00,2018/5/23 14:37,2018/6/11 9:07,2018/6/19 18:50,2018/7/5 0:00
12764e11143d316ea2257118daa2e3bc,3b06aeea8f6124ae0e66e6fd1fc97ade,delivered,2018-05-23 16:12:00,2018/5/23 16:36,2018/5/24 8:38,2018/5/25 20:49,2018/6/13 0:00
fc56d6734e3fc6fa34d7e752a49bf25b,59c20aaccd770eacb8b3dac4b3ef9358,delivered,2018-05-23 12:40:00,2018/5/23 12:54,2018/5/24 10:49,2018/6/7 16:49,2018/6/19 0:00
32c28df30cefeb8eb92d79d4adba2e1e,545bd426acb3f30a7672e7d5769431ed,delivered,2018-05-23 11:48:00,2018/5/24 2:35,2018/5/24 15:49,2018/6/5 17:44,2018/6/14 0:00
8220b318fccce9e7dfd00d9894b95189,c34beddc345e97b15bb556100207a176,delivered,2018-05-23 14:51:00,2018/5/25 2:55,2018/5/25 7:17,2018/6/1 15:42,2018/6/18 0:00
96c0941a87f12624bbaa976c3cb81ca2,36a55a60f18b9cf47ec2b374f2c097ea,delivered,2018-05-23 08:35:00,2018/5/23 10:36,2018/5/23 14:31,2018/6/15 21:14,2018/6/8 0:00
55b8090225e782a06895d20d302d5630,223811124c361fc5d4ace04e579229c8,delivered,2018-05-23 08:22:00,2018/5/23 9:36,2018/5/25 13:23,2018/5/28 21:17,2018/6/1 0:00
0f4e0cf683934cf2cc6b45a24b386a14,d9d9ef18adcedc759515809d67e54744,delivered,2018-05-23 13:19:00,2018/5/23 14:14,2018/5/24 10:04,2018/6/3 12:22,2018/6/14 0:00
59fba17dea01f4ca170645397ca73e8b,a736734cb89d5f365d332246ce185a10,delivered,2018-05-23 13:31:00,2018/5/24 9:39,2018/5/24 14:06,2018/6/5 20:28,2018/6/14 0:00
1a1ef8dc595adbce0e5d75d806d69286,6828f49c4fe2b5f50f12e6120d5ffb78,delivered,2018-05-23 08:18:00,2018/5/24 8:19,2018/5/29 17:31,2018/6/7 11:58,2018/6/13 0:00
ece40b3b3194bb3891929f52bf260749,386f601f94c87464e1720292a738b9ff,delivered,2018-05-23 11:06:00,2018/5/24 2:34,2018/5/24 14:07,2018/6/9 17:37,2018/6/14 0:00
d1e49fad76dfd4ed8f5488500011e45f,25d440b7b000d8bea79037e4a382d558,delivered,2018-05-23 10:16:00,2018/5/23 10:36,2018/5/25 6:18,2018/6/5 15:54,2018/6/18 0:00
4de5e476244e0fced5eabc7d26c02dd9,c4dcbf01db308f71ac36429315b8f755,delivered,2018-05-23 15:16:00,2018/5/24 2:34,2018/5/25 15:00,2018/6/4 13:04,2018/6/22 0:00
2fb37826cdb8f506242e4dabb544e516,0cbe168a97e6c609efc3b68817fcc92f,delivered,2018-05-23 20:01:00,2018/5/24 17:36,2018/5/29 10:32,2018/6/4 22:38,2018/6/29 0:00
31ce9e3b5b94389a0b2597743083ff98,0cae7459bca371e0607a9c1580c6dfed,delivered,2018-05-23 07:42:00,2018/5/23 8:54,2018/5/23 14:03,2018/6/5 22:53,2018/6/7 0:00
82a11e82ea02c7e3381366e935c1126e,ff6b440b2465bfaef05c675efb48cd15,delivered,2018-05-23 09:07:00,2018/5/25 2:54,2018/5/25 12:11,2018/6/6 16:18,2018/6/7 0:00
45239cd99e3e244465ad2d2ef26c56b9,985a2a3366fedff76c0a01d1204cae8f,delivered,2018-05-23 15:54:00,2018/5/23 16:16,2018/5/24 14:07,2018/5/28 16:38,2018/6/8 0:00
0de4d95a869f06b9c637cb46e463d261,0ecbac9608e740d7d0a60756a0c4e8f1,delivered,2018-05-23 15:57:00,2018/5/24 9:39,2018/5/25 11:13,2018/6/5 19:54,2018/6/21 0:00
c76b75e541b06461ec9cf363fd962ee3,90df085f8a512665dce9ae9e923b0b83,delivered,2018-05-23 15:50:00,2018/5/23 16:16,2018/5/23 14:51,2018/6/7 19:31,2018/7/2 0:00
c1bb430ee85802d59d07d0f769d32e2f,24eba626a3ecd25108018ea7b111e766,delivered,2018-05-23 10:49:00,2018/5/23 11:18,2018/5/24 11:42,2018/6/4 14:39,2018/6/21 0:00
43ceb3a1cbff88e05eab7e0bea014063,42181d2a18624a4742ebf8c8c11d8b55,delivered,2018-05-23 07:59:00,2018/5/24 2:34,2018/5/24 14:17,2018/5/28 16:28,2018/6/6 0:00
6eec967cffa8ad455dbdf0d5b797f912,28494957ff65dc4c08e80f679f42b7f7,delivered,2018-05-23 18:31:00,2018/5/24 18:38,2018/5/29 15:40,2018/6/6 16:39,2018/6/22 0:00
6ddb004a75be2f9f5ff513839665267d,7ca34205b38053505f971f4545081027,delivered,2018-05-23 09:40:00,2018/5/24 2:34,2018/6/11 9:07,2018/6/28 16:05,2018/7/3 0:00
d6bb547da098f595bc40f00e2d38056e,dee63fa256a872ed8417589589ea9913,delivered,2018-05-23 19:23:00,2018/5/23 19:37,2018/5/24 14:09,2018/6/6 23:24,2018/6/18 0:00
0a2f51f07c7b99722f843490cd20ec09,085e2d8df89b9fdb5182fc89fab548b8,delivered,2018-05-23 23:51:00,2018/5/24 0:18,2018/5/24 8:44,2018/5/28 19:32,2018/6/14 0:00
ebee038c5993647eb1defc78207cd187,0310d1eb2978431efb158b535a3c0fd7,delivered,2018-05-23 07:50:00,2018/5/23 22:35,2018/5/25 12:44,2018/6/4 14:28,2018/6/8 0:00
b2b345cd2633deaf2b69c3b5c5585afa,0e12e9ae0026db8d0392421e6e1a61ee,delivered,2018-05-23 13:50:00,2018/5/24 2:34,2018/5/24 14:45,2018/5/25 20:18,2018/6/8 0:00
f8765f3bdecd553e63bbc4de833ff8b6,4e2e3f18675718bb133c6de3369677c6,delivered,2018-05-23 08:20:00,2018/5/23 8:39,2018/5/25 14:24,2018/6/5 21:17,2018/6/12 0:00
60e9d08b7a6390df94673a13d1d3c0f3,e5ec7f1a08b68625aaa4a180987813e3,delivered,2018-05-23 12:43:00,2018/5/23 12:54,2018/5/24 14:40,2018/5/25 22:58,2018/6/12 0:00
910be2c3ca6942b34613e11764c42e1c,369ec282b14f6130ae496897bfcb231f,delivered,2018-05-23 22:55:00,2018/5/25 2:55,2018/5/28 14:09,2018/6/4 19:48,2018/6/14 0:00
b69a71531e8579d2989792e5fcff085f,971cc2a7308f0b2eae9ac5929df97859,delivered,2018-05-23 23:59:00,2018/5/24 0:19,2018/5/24 13:49,2018/6/4 19:42,2018/6/18 0:00
e3acdd7e09cf9634ef55e156730bb843,dc638d0bcd9bd2fefbbcf1ddf40bd8ce,delivered,2018-05-23 10:07:00,2018/5/23 10:36,2018/5/24 14:20,2018/5/25 19:08,2018/6/4 0:00
17b7c2f3241fc2ef8e7f7a3b916993e3,2d598740458ddd8adf4d639fe801f902,delivered,2018-05-23 17:51:00,2018/5/23 18:17,2018/5/24 14:07,2018/6/1 12:03,2018/6/28 0:00
85c74bce4ecdec38e2f255fd0499870c,c8885e58f79687064b6c2ca54626b032,delivered,2018-05-23 16:36:00,2018/5/23 17:55,2018/5/24 10:07,2018/6/3 16:18,2018/6/14 0:00
71822a8b6993991560c8feb50026203b,e4ca07270aaaf398aca7239ce3234357,delivered,2018-05-23 18:52:00,2018/5/24 18:54,2018/5/25 14:11,2018/6/4 21:06,2018/6/8 0:00
b6f55e4af06bdd71bdfa6805094331ab,c56d4b738ebf7cf9cecd2bb436541852,delivered,2018-05-23 14:53:00,2018/5/23 15:16,2018/5/24 17:30,2018/5/25 19:36,2018/6/8 0:00
574a92fb05e01159e32c2a4cba131e3e,2a7d2a567dbf4e484dc9ff01ee6a5a29,delivered,2018-05-23 20:40:00,2018/5/23 20:57,2018/5/24 10:39,2018/6/6 19:32,2018/6/20 0:00
42c2b836618db2b955ea569011464e97,dc65d433aebdabfb3e8ef0612d7a3e67,delivered,2018-05-23 17:27:00,2018/5/23 17:37,2018/5/30 13:44,2018/6/2 12:06,2018/6/29 0:00
236c5c6711eb7864803f0f0c739e5c05,1c1ad3c35a22aac00ba2c90156b27e8d,delivered,2018-05-23 16:20:00,2018/5/25 2:55,2018/5/25 12:57,2018/6/7 19:54,2018/6/19 0:00
ffea20c7630343a6cd9e09858c1295cd,79e8c1737d903a4055c4d2aa87661bf7,delivered,2018-05-23 23:33:00,2018/5/23 23:54,2018/5/25 7:10,2018/6/4 17:58,2018/6/20 0:00
2e69009ed3ebd65c2e8188a8d7e8c0eb,8a0a4551ad5fc7b8b811deaf5afcf6ae,delivered,2018-05-23 22:01:00,2018/5/23 22:17,2018/5/24 14:10,2018/6/4 17:50,2018/6/21 0:00
825b974f88e72b86b69342568dafe286,e72306f4f0011e63cf0eee15549aaee2,delivered,2018-05-23 13:02:00,2018/5/23 13:16,2018/5/23 14:52,2018/6/8 19:14,2018/6/22 0:00
2221e081ca8adbc501639130055176ca,afe64a53e1a348ec5dfc7c97af12816e,delivered,2018-05-23 16:44:00,2018/5/23 16:57,2018/5/24 14:10,2018/5/28 20:46,2018/6/11 0:00
7d32c87acba91ed87ebd98310fe1c54d,876356df457f952458a764348e1858bc,delivered,2018-05-23 20:14:00,2018/5/23 20:35,2018/5/29 14:09,2018/6/11 20:41,2018/6/27 0:00
e81032820ec46f233a5cb7e835274872,81ff89d07f81125f4c3d1d570b49e826,delivered,2018-05-23 17:01:00,2018/5/24 2:34,2018/5/25 13:58,2018/6/7 19:48,2018/6/28 0:00
1373f8a3742861c26892cc2aab7c41e1,630b189fb0c73900cf3360c4a795680e,delivered,2018-05-23 14:33:00,2018/5/23 14:54,2018/5/24 12:15,2018/6/4 15:14,2018/6/19 0:00
aace0cf63f6c71ef4c9ea309cdafe5f7,08aec3c5e2f594f7818c930e95a0b494,delivered,2018-05-23 01:16:00,2018/5/24 2:34,2018/5/24 14:08,2018/6/2 12:13,2018/6/8 0:00
cbb0c3b7cdc8206fdd747d618dc71af1,4f53f38de92e32faba788f35878dd4eb,delivered,2018-05-23 20:25:00,2018/5/23 20:35,2018/5/25 13:06,2018/6/4 21:26,2018/6/12 0:00
18987d9e9060c343e5ed6e796aab9189,f5be20b2d50eca29b8977c5e4f51dda9,delivered,2018-05-23 08:23:00,2018/5/23 8:39,2018/5/24 8:44,2018/6/1 21:26,2018/6/7 0:00
5f61b71c278e0e65231c70f058f4ab00,6644f96e1da51ce92f80d0c2793199fa,delivered,2018-05-23 20:42:00,2018/5/23 20:57,2018/5/28 13:18,2018/6/1 15:28,2018/6/26 0:00
9e1948d3c411c8a72efadb93b6f8a4fd,20482623ebecb062754216d6dceb430d,delivered,2018-05-23 20:55:00,2018/5/23 21:15,2018/5/28 15:10,2018/6/2 15:44,2018/6/20 0:00
f34c3736b33b7d0c9eaaac33ac7b1ba5,1c3d7a65ccd05610b467567d6879a2f2,delivered,2018-05-23 13:19:00,2018/5/23 14:14,2018/5/25 7:29,2018/6/6 15:06,2018/6/22 0:00
500c994fe4cc79f9ec4d6ad8cf94a49f,11203af87403c05e0ec037c5500f35cc,delivered,2018-05-23 19:45:00,2018/5/23 19:55,2018/5/24 14:50,2018/6/7 22:18,2018/6/20 0:00
9511ef1eab4fe876363109171d924930,018a1c3096d2b2bf4a869cc213c03345,delivered,2018-05-23 09:56:00,2018/5/23 10:18,2018/6/12 9:14,2018/6/13 14:48,2018/6/22 0:00
488d5fc485f4624acb8132918763416c,bf7ccf3f1fb5ff1cc9130f8f2985017e,delivered,2018-05-23 11:14:00,2018/5/23 12:00,2018/5/24 13:23,2018/5/25 21:21,2018/6/8 0:00
63e68d9e780dc16336adc88e9cbe288e,d5fb03f7777def9b5a057dbf04dbc3cc,delivered,2018-05-23 13:32:00,2018/5/23 14:14,2018/5/24 13:35,2018/6/5 13:32,2018/6/20 0:00
73ff106f792b836704a9f5ff71a77d5a,16d7008e96c81210b00221d33a00a6db,delivered,2018-05-23 20:18:00,2018/5/25 2:54,2018/5/25 13:27,2018/5/26 15:14,2018/6/8 0:00
87b8791f9f3b6cbe168d5109a98766e6,93b5abb190d46114e4ef01a59bfd85bb,delivered,2018-05-23 11:11:00,2018/5/23 12:15,2018/5/23 14:13,2018/6/7 17:08,2018/6/25 0:00
c15c44713017f9821fa52fdef328d9c3,d3ed7d1072cce1cd26ef30afe80dcea2,delivered,2018-05-23 22:07:00,2018/5/24 22:14,2018/5/25 15:25,2018/5/28 16:34,2018/6/11 0:00
25a6470fe0861e38f167701818706ce9,3b60219f8dffebcd12b4de51d4168152,delivered,2018-05-23 07:57:00,2018/5/23 15:56,2018/5/30 11:32,2018/6/5 17:05,2018/6/4 0:00
21ac7b9aaf4cb4e41aa7ed2722a0c2ab,d961544083cc8837794f0fe258f812e0,delivered,2018-05-23 18:30:00,2018/5/24 18:38,2018/5/28 13:08,2018/6/6 19:04,2018/6/29 0:00
0a20f1ed151eaf6d4f8947f6081e1d02,57142caed013bdafd75245803296c7f4,delivered,2018-05-23 19:42:00,2018/5/23 19:55,2018/5/28 13:14,2018/6/5 19:56,2018/6/22 0:00
c4ddf9f60eaf139adc4814d91915f5e9,7fcf344378d1a24b4c66a77962d99c17,delivered,2018-05-23 12:25:00,2018/5/25 2:55,2018/5/28 15:03,2018/5/29 18:02,2018/6/14 0:00
ebabc8ac474d11be84da632d48790ac2,5bec55a9b48c095a3453366e8c68ef9f,delivered,2018-05-23 16:51:00,2018/5/23 17:16,2018/5/24 8:44,2018/5/25 14:05,2018/6/8 0:00
89844d8832c881326923a2cf804b72cd,b8b71bb850d115b6147cb431453059cd,delivered,2018-05-23 13:53:00,2018/5/23 14:14,2018/5/25 13:58,2018/6/5 19:47,2018/7/2 0:00
53016e8472a79f05b793c071c03ae18e,7facbda9c585cd9ba754839db71cebf1,delivered,2018-05-23 11:29:00,2018/5/23 12:14,2018/5/23 14:28,2018/5/24 18:12,2018/6/8 0:00
b74ef7f1cae2f2aa39ef694089220237,8dd56c438a84c0341302cd3d122dfd3a,delivered,2018-05-23 11:35:00,2018/5/25 2:54,2018/5/28 12:33,2018/6/7 19:23,2018/6/14 0:00
578e406b34a3ef878b509b9fe1813dda,0d16e4a7336116a77c9fe81af1c589b9,delivered,2018-05-23 10:12:00,2018/5/25 2:55,2018/5/25 14:44,2018/6/5 22:24,2018/6/26 0:00
a2eb5d639e60dc92388b4177edfc52a4,91ab1bd74f89f434cbec29de5cb04181,delivered,2018-05-23 09:06:00,2018/5/23 9:36,2018/5/23 13:01,2018/6/1 17:25,2018/6/27 0:00
2e34c4ee86e4ace97b31109afa1f2bb0,badff72965e07210f908561dea662eb0,delivered,2018-05-23 14:58:00,2018/5/24 15:55,2018/5/25 13:58,2018/5/28 23:37,2018/6/8 0:00
f36770932c1481e3aab9eced257e50b6,899cdc1395d9d42d165d8935d7bbc7f6,delivered,2018-05-23 17:35:00,2018/5/23 17:55,2018/5/24 13:37,2018/6/8 3:38,2018/6/26 0:00
10a2db7fa5e572ffbea8f6cc6caa857e,493eb36e43c471ff20a2fafa1e078d6b,delivered,2018-05-23 21:14:00,2018/5/23 21:37,2018/5/24 13:49,2018/6/6 17:33,2018/6/20 0:00
9fdfd76c6631b340c3b923669191ef8e,722a4377c1aeb96d9e49b887e383fe15,delivered,2018-05-23 23:20:00,2018/5/25 2:55,2018/6/4 13:45,2018/6/11 13:32,2018/6/25 0:00
9212fb06fa8197c71c382ce06e5889ae,bfd41839fe9e5918668e940c6460c671,delivered,2018-05-23 12:00:00,2018/5/23 12:14,2018/5/25 8:52,2018/5/29 12:46,2018/6/21 0:00
a9903e12b56d3ec4c2de257bfe2cdc80,4ddaddea1ea57c06e540097ca6f6dd41,delivered,2018-05-23 12:34:00,2018/5/23 12:54,2018/5/24 14:16,2018/5/28 12:08,2018/6/13 0:00
89db4ab2c03e2a83b490e5dc7302c5a7,fa98b17e2cb3e9ac09cc2b04ff98e073,delivered,2018-05-23 23:46:00,2018/5/23 23:55,2018/5/24 13:40,2018/6/1 22:24,2018/6/20 0:00
0830f0655920234ddca71663beb629cb,f2b116ce59897374113843d3aeb83296,delivered,2018-05-23 11:23:00,2018/5/23 12:14,2018/5/26 8:33,2018/6/8 20:13,2018/6/21 0:00
cba655bc3c72fc26b4fe864f2ea5fe38,397ac98a256dd1f8a04716af140f3836,delivered,2018-05-23 18:45:00,2018/5/23 19:15,2018/5/25 12:51,2018/5/26 14:35,2018/6/11 0:00
d5d5a70a76401ecc139ee16c5299df4d,11529689a3fdf79b53cf853daf570b16,delivered,2018-05-23 20:29:00,2018/5/23 20:57,2018/5/24 15:14,2018/5/30 17:21,2018/6/11 0:00
b10350ed7f626af6db79354ad0e056c1,b877f2518fc1d9824b0da20c2e4b60a5,delivered,2018-05-23 10:05:00,2018/5/23 10:18,2018/5/28 12:55,2018/5/29 16:40,2018/6/6 0:00
90feb1846fa42bbfe6d411d2d018d194,02afc864fbc233378368b0c0980f576c,delivered,2018-05-23 12:38:00,2018/5/23 12:54,2018/5/24 13:23,2018/5/25 14:12,2018/6/8 0:00
abbc0add533d31e83195d03eebe028f8,84fc915ffe98d917a067b9096655997b,delivered,2018-05-23 18:21:00,2018/5/23 18:36,2018/5/24 14:17,2018/5/30 20:28,2018/6/20 0:00
fe00e26eb05c951aad5cbc6b7f602edb,28ae744ec6e6b95d5cb8e45738080605,delivered,2018-05-23 11:46:00,2018/5/24 2:18,2018/5/24 17:08,2018/6/6 20:22,2018/6/20 0:00
0870e65cf1b3551a87735b85ee9dd147,8a3ff5438e69e032936ab47f419c9576,delivered,2018-05-23 23:17:00,2018/5/24 11:53,2018/5/24 15:03,2018/5/25 18:41,2018/6/8 0:00
3dbe04fd06c3b63be0dae1902b9013c2,10eb2de5cca510cc1be07bee1a562565,delivered,2018-05-23 13:31:00,2018/5/23 14:14,2018/5/23 14:33,2018/5/25 17:04,2018/6/12 0:00
1cc4c099fe24689266163670a36d04d7,fbc7433af65643811cd5a46d932d0102,delivered,2018-05-23 12:24:00,2018/5/23 12:54,2018/5/23 15:07,2018/6/4 11:50,2018/6/21 0:00
c83b1508d1ce87e8c380ee3209720f81,859530ad4eef3fa5932b7aa55aeb314c,delivered,2018-05-23 16:00:00,2018/5/23 19:36,2018/5/24 15:49,2018/6/6 21:56,2018/6/21 0:00
602ca7323a25474e4e1c94e5e0763fb8,4a5c86222ec3a2871fd3585051434053,delivered,2018-05-23 08:09:00,2018/5/23 8:39,2018/5/25 8:14,2018/6/7 22:51,2018/6/8 0:00
d416e69ac2b8a56d17f9b3ad10bb37b0,918682ce20388377743df77dd23645ef,delivered,2018-05-23 11:58:00,2018/5/23 12:15,2018/5/28 12:38,2018/5/29 15:56,2018/6/19 0:00
115986c6100a117f487af7dd08cbb2ce,7055d49ebc0f70397fa1563dce4f7e49,delivered,2018-05-23 08:26:00,2018/5/23 8:54,2018/5/23 11:37,2018/5/24 21:52,2018/6/1 0:00
2c63e270d219f86dbe627ef7a0d41ce7,f21425113f7f4bc3d60f088b01a73eea,delivered,2018-05-23 10:38:00,2018/5/23 11:18,2018/5/24 9:20,2018/5/26 15:42,2018/6/22 0:00
131d8d336159b7912c323b1dcf578525,83ca40b2b7a4bf6497b9de9ffcdb5e23,delivered,2018-05-23 21:01:00,2018/5/23 21:15,2018/5/24 14:36,2018/6/4 16:25,2018/6/18 0:00
216989f6666b80d7bc876ac4b2dd5458,0f2ca4b01fe28974bdd279adab53acdd,delivered,2018-05-23 14:43:00,2018/5/23 14:55,2018/5/23 17:20,2018/6/6 19:38,2018/6/20 0:00
52213ce438ca7a21ce81bc3d48a3d4e3,aec3990215e61aa16c68ead53e9ee7d4,delivered,2018-05-23 12:02:00,2018/5/23 12:54,2018/5/24 8:44,2018/6/4 16:09,2018/6/14 0:00
63449a498d346d5f1ed1fe90b03cca88,d0185ac97dc1fdcd3815b4fd9ae57180,delivered,2018-05-23 17:39:00,2018/5/23 17:55,2018/5/24 15:37,2018/6/8 0:32,2018/6/27 0:00
44a03ff139461361ec4cce7949663c2f,d1bfcf16e4d5966d1892538e5b3d7c1d,delivered,2018-05-23 16:58:00,2018/5/23 17:16,2018/5/25 11:13,2018/6/4 12:14,2018/6/8 0:00
f59424baad3fb86561ddc055c935fdb8,6b457b9e4c9a7894b2d4c3da6d039b1a,delivered,2018-05-23 23:41:00,2018/5/23 23:54,2018/5/28 14:01,2018/6/7 1:44,2018/6/21 0:00
a89c7ca4e54f3cad7dbdb78b5e33c4f7,59d196118ca8d55c3c6e469f532f9bf1,delivered,2018-05-23 11:35:00,2018/5/23 14:54,2018/5/24 10:46,2018/6/8 22:50,2018/6/18 0:00
64d90b334a89978bf78af244276aa415,180f2496e2634a22fba5220a7144adfa,delivered,2018-05-23 19:19:00,2018/5/23 19:37,2018/5/24 14:08,2018/6/6 17:05,2018/6/18 0:00
71b3388a645d70dc5468b10c82ead696,78519cf01865cbd8e54ae1dab60ef77e,delivered,2018-05-23 13:23:00,2018/5/23 14:14,2018/5/24 14:36,2018/6/8 18:55,2018/6/21 0:00
3af58300549c324fa418f079815fc952,be0b9ebc5a6063c689151c824e2730a1,delivered,2018-05-23 17:45:00,2018/5/23 17:55,2018/6/4 15:37,2018/6/8 17:16,2018/6/25 0:00
c67440872252c7c4079023160409025d,6237a8d5188319b841ccd3c62faf8f85,delivered,2018-05-23 10:45:00,2018/5/24 2:18,2018/5/24 14:42,2018/6/6 15:42,2018/6/27 0:00
375555206d0a5e78407912c60af6f883,d7533c2f12b14d1136cacbd6c0e6685a,delivered,2018-05-23 14:02:00,2018/5/23 14:15,2018/5/25 7:20,2018/6/4 19:09,2018/6/21 0:00
9e05956862c333308733e2155ca16950,185c0ab94dcd0aaf2b9f6f0b1424527a,delivered,2018-05-23 19:46:00,2018/5/23 19:55,2018/6/6 13:18,2018/6/9 0:38,2018/6/19 0:00
30e92c30b450ba0009e6664e0d8210dd,204f2214df152493387db796c85ae8cd,delivered,2018-05-23 19:05:00,2018/5/23 19:15,2018/5/25 14:06,2018/6/8 19:51,2018/6/29 0:00
1c2d01bbcf7e33d42dba32128b5d9869,016fb9a9ab3b0b9f1d9e7438236b3fba,delivered,2018-05-23 20:34:00,2018/5/23 20:57,2018/5/24 11:59,2018/6/5 15:33,2018/6/14 0:00
c8464791b649258bd1807650cc155014,384db1cdc62a3e54b0ed41c8b4e0d573,delivered,2018-05-23 09:58:00,2018/5/23 10:17,2018/5/24 10:39,2018/6/6 17:06,2018/6/7 0:00
90c76ed1638b6bf4f87d58e19b3d1349,68aab4a7b7f6ae92db5bbf4358531d9e,delivered,2018-05-23 12:37:00,2018/5/23 12:54,2018/5/24 13:23,2018/5/25 14:12,2018/6/8 0:00
1a2f6c0996af3c2c4aa6eb3e3d536e0b,66112b1cd81cd04a54f4315599e8a66a,delivered,2018-05-23 12:46:00,2018/5/23 13:16,2018/5/24 15:58,2018/6/2 16:38,2018/6/11 0:00
767dd7bdeb5f5d8f1840145a3e898bc2,91693fdec54a003591f8786b71c52fec,delivered,2018-05-23 17:43:00,2018/5/24 18:23,2018/5/29 14:38,2018/5/30 18:55,2018/6/8 0:00
a64639318173368f70e2ce455a49196d,55c6424f08e75680af39be358bd3c1e5,delivered,2018-05-23 09:42:00,2018/5/23 9:56,2018/5/24 13:38,2018/5/25 21:51,2018/6/4 0:00
ed440d5c0b75f7384c1d6e7335400780,64b1683525b8d1bdb38fff26d98d1a8d,delivered,2018-05-23 19:58:00,2018/5/23 20:17,2018/5/24 8:22,2018/6/8 19:38,2018/6/26 0:00
62c7826e311deeddf387648c11f95711,c9ec31f8e947a02426eabeda861392c4,delivered,2018-05-23 09:38:00,2018/5/23 12:14,2018/5/28 12:14,2018/6/5 23:56,2018/6/27 0:00
f80e68b525d4ea7025db2f4648d4007d,46e8cc38dc8f69d926b477f403832417,delivered,2018-05-23 00:01:00,2018/5/23 0:56,2018/5/23 12:43,2018/5/24 14:58,2018/6/5 0:00
3951193545025398d0fa18b7e2f836be,90a9c48d9d8440f1583a142142b99b1f,delivered,2018-05-23 08:36:00,2018/5/23 10:36,2018/5/25 12:25,2018/6/4 19:16,2018/6/13 0:00
1901945d048ddbc33ff8415524c892c8,2192a7f0e014eabbe36d560d31681cfc,delivered,2018-05-23 10:10:00,2018/5/23 10:36,2018/5/23 14:19,2018/5/24 15:57,2018/6/5 0:00
f6c7eba2dda849d3fe744fd74907296c,3edf1142901dcc868ace8ad17460326e,delivered,2018-05-23 17:57:00,2018/5/23 18:17,2018/5/25 8:40,2018/6/5 14:08,2018/6/11 0:00
20aa4f85b1ed8d98e5c742c1a003db9c,16669daad9b68a2b8a369638223a1888,delivered,2018-05-23 21:32:00,2018/5/23 21:55,2018/5/24 14:09,2018/6/4 23:28,2018/6/18 0:00
c5effd8bae9508c0e96b2e32b5dc66d8,4555082ae3a3f83217d01f34c4640dd6,delivered,2018-05-23 12:48:00,2018/5/23 13:16,2018/5/24 13:51,2018/6/4 20:52,2018/6/12 0:00
b30db4148d5398cbf696c239d830b233,4157ca2b5771810949aeb38296f9e40d,delivered,2018-05-23 21:11:00,2018/5/23 21:37,2018/5/24 15:29,2018/6/4 23:17,2018/6/19 0:00
1b900d4d10e97580eee435e3474110c8,7bea1627c3e438f1cf401aa2c53fea2d,delivered,2018-05-23 18:32:00,2018/5/23 18:57,2018/5/24 13:37,2018/6/6 20:19,2018/6/25 0:00
294f94df7d2ec239123fdca1a458e0ff,5a968869bd6a16f0a56d22cdd8b40435,delivered,2018-05-23 13:31:00,2018/5/23 14:14,2018/5/25 8:52,2018/6/8 9:34,2018/6/27 0:00
827e39f2fbd0101d81c2168ab6699f7c,1f26384d40990fe4d5741956ccbbd1ce,delivered,2018-05-23 14:46:00,2018/5/23 14:55,2018/5/24 10:39,2018/6/6 17:52,2018/6/14 0:00
885f4a8f1339042f54f941de2e64a11e,c4d933ca1293b494c0db1ed8a02b5ad0,delivered,2018-05-23 10:12:00,2018/5/24 2:18,2018/5/24 14:16,2018/6/8 14:03,2018/6/11 0:00
79611406bed954bc1248b316f297aac5,12047320874e3c4242d2a8231ef70d1e,delivered,2018-05-23 20:37:00,2018/5/23 20:57,2018/6/8 12:04,2018/6/9 12:48,2018/6/25 0:00
f73de6a34a3027ae82efac7a6bb5318d,6a352323e9ea3442a66aa0e556579967,delivered,2018-05-23 09:18:00,2018/5/23 9:36,2018/6/20 12:20,2018/7/17 22:38,2018/7/11 0:00
188dd1b2a12d06a4d0ba5ca87ff47efa,815a5ec9b3714f461749e76844c5a8ff,delivered,2018-05-23 09:38:00,2018/5/23 9:56,2018/5/23 13:51,2018/6/5 20:41,2018/6/11 0:00
794a9d49f955955bb13c41fe68e390b0,f5d29c605e02e4748e78c1f9f2afccd9,delivered,2018-05-23 21:01:00,2018/5/23 21:15,2018/5/24 14:07,2018/5/28 15:58,2018/6/8 0:00
7269605c7dd42e8f5b8818e2206f7fb2,09d2b0f3a7f77a37f535a89bcb22bd31,delivered,2018-05-23 19:38:00,2018/5/23 19:55,2018/5/24 11:19,2018/6/9 12:38,2018/6/25 0:00
7ec1e3874c69a513e785a5b0cc71dafc,a394adc4a10c887539f7cf0ff32e5e93,delivered,2018-05-23 22:23:00,2018/5/23 22:56,2018/5/25 10:14,2018/6/5 19:39,2018/6/14 0:00
2ff4dba9b7e65ee15034ed2b0004048d,f3721694bcec86501e4a19cf459d3b28,delivered,2018-05-23 18:35:00,2018/5/23 18:57,2018/5/28 13:54,2018/6/8 13:38,2018/6/28 0:00
15fb9c745e91eff5482a9af2a5fad0e6,3c14bd3e2287a1b895bc9af622d3f79a,delivered,2018-05-24 12:16:00,2018/5/25 8:14,2018/5/29 10:09,2018/6/4 17:16,2018/7/5 0:00
50fe82ce977520094518dd8618d7331a,80f93f1fabe7772d559a7c349667af0e,delivered,2018-05-24 18:32:00,2018/5/24 18:54,2018/5/25 14:53,2018/5/28 17:24,2018/6/11 0:00
fb8c84f49d464b75f05a3de37923fc87,1e12754604af85397680cb28482f73a6,delivered,2018-05-24 00:52:00,2018/5/24 1:14,2018/5/24 12:08,2018/5/25 19:28,2018/6/11 0:00
e05ad3bb40dd7a1f005c828e86493bcc,348dab3f7710f2be30559eb101ff7696,delivered,2018-05-24 13:13:00,2018/5/25 2:55,2018/5/25 13:44,2018/5/28 16:46,2018/6/13 0:00
aa3babada56030c2ad79976c60d51e79,df4c766338ff657c085016f56ba362a5,delivered,2018-05-24 15:06:00,2018/5/26 2:31,2018/5/28 14:08,2018/6/7 19:27,2018/6/19 0:00
f2b00200fa3b427fee60eb4fa811720b,fefe47950f42fddc66afdf7315a36dae,delivered,2018-05-24 16:43:00,2018/5/26 2:18,2018/5/28 15:55,2018/6/7 17:44,2018/7/3 0:00
ed4f3a7d90215313e0c485f97f640584,5fb977f8993bfc56667ab1f3e5012633,delivered,2018-05-24 18:04:00,2018/5/24 18:38,2018/5/25 7:03,2018/6/7 2:12,2018/6/19 0:00
ce36799829f380bb23aa467649d173c5,9c4d6870133ed18936397f495df246c6,delivered,2018-05-24 19:04:00,2018/5/25 3:17,2018/5/28 13:05,2018/6/7 16:28,2018/6/19 0:00
9ee8bdfa62948fb9721333d914c9a090,237090dc5fb5212fc44befee2ac8ce3e,delivered,2018-05-24 15:25:00,2018/5/24 15:53,2018/5/25 14:45,2018/6/4 21:24,2018/6/21 0:00
333836c2e85611f0f64e5c36e9a475e9,478405e8df3b9abb7f2bd5c8fd77df89,delivered,2018-05-24 07:54:00,2018/5/24 8:19,2018/5/24 10:03,2018/6/2 15:47,2018/6/20 0:00
f3b45fb2ad431864b1a6db900cb05e52,ac48242372dc17d1613f0b3c232d8a43,delivered,2018-05-24 14:29:00,2018/5/24 14:59,2018/5/28 12:55,2018/6/1 20:02,2018/6/14 0:00
ae6ef9d73ed303060dc1a61a9ab01424,add0ae8f46fe4d29a6654d578c0774cf,delivered,2018-05-24 16:39:00,2018/5/24 18:38,2018/5/28 12:30,2018/6/12 14:05,2018/6/28 0:00
bd37ed9b5ef9fcebdc422b5aa9686ae8,b4c2a9be4714f35f06547a07293e022a,delivered,2018-05-24 00:04:00,2018/5/24 0:34,2018/5/25 15:04,2018/6/5 14:14,2018/6/19 0:00
c1e31d7c0b816af8539eaeee20379889,bf4786deca0a046ee35f4ce5c1514c89,shipped,2018-05-24 13:19:00,2018/5/25 18:58,2018/5/29 12:09,,2018/6/26 0:00
d23bad02674f52678ad46e2ada237286,5208bc819705e0534b2fed7c71f2a27a,delivered,2018-05-24 21:30:00,2018/5/24 21:58,2018/5/25 12:08,2018/6/4 19:08,2018/6/18 0:00
e81515594e8f430f4a7ee18f26777091,5c249c721eea202f6130a24ede66ebe7,delivered,2018-05-24 16:22:00,2018/5/24 18:23,2018/5/25 15:35,2018/6/9 10:58,2018/6/18 0:00
94fd9673a19164ebf42ba85826aff8b4,bd5a96b05e3979db414986300a0ca0a6,delivered,2018-05-24 10:43:00,2018/5/24 10:59,2018/5/24 14:24,2018/5/25 20:17,2018/6/11 0:00
7eec39760bfb41ecc9d7fd0ad9d6dd09,bee4fda0042266fc0d05b2a3dc7e1955,delivered,2018-05-24 17:25:00,2018/5/24 18:38,2018/5/25 14:30,2018/6/2 19:02,2018/6/13 0:00
f37a42c45897de143426b05fa30298aa,601cd8ec28f2fa70e88703d1263cb7e3,delivered,2018-05-24 19:05:00,2018/5/26 2:31,2018/5/30 15:44,2018/7/4 18:36,2018/7/4 0:00
3c0b55362db9e4d58bc57e08f27bc7f7,810a1114071535cd94e036517d4f95d7,delivered,2018-05-24 10:08:00,2018/5/24 10:33,2018/6/4 5:22,2018/7/11 15:54,2018/7/2 0:00
8e1787326878b8d540cc14a0546c3eb6,278003098109cfa2d2625f4772cb2a57,delivered,2018-05-24 13:09:00,2018/5/24 13:39,2018/5/25 9:59,2018/6/3 13:42,2018/6/11 0:00
5372c7c1ae934292748159d8d0f0d6bf,72c0a5b5eeff366eab8c72c021f961cf,delivered,2018-05-24 17:25:00,2018/5/25 12:17,2018/5/25 14:03,2018/6/8 17:26,2018/6/19 0:00
a59f95cd4c82c338e8ec01fd9af753f1,881a405c751425d875c534cc9b9633c9,delivered,2018-05-24 15:29:00,2018/5/25 15:37,2018/5/28 12:19,2018/6/8 18:26,2018/7/4 0:00
16e192db098dd55c18aff27770402968,2666adfdf45be751a53e2306f056f01d,delivered,2018-05-24 23:44:00,2018/5/24 23:58,2018/5/25 13:15,2018/6/5 19:36,2018/6/20 0:00
e148d34dad8db4dc18a911c2a74413d7,5ddcd01413e76d53e9ee604f43d65430,delivered,2018-05-24 11:28:00,2018/5/24 11:53,2018/5/25 13:16,2018/6/7 23:52,2018/7/3 0:00
46a5c63af66fc95c48a6aa738f69049b,91a4a3a7af74c7acb81ea2d385e92849,delivered,2018-05-24 19:50:00,2018/5/24 20:14,2018/5/25 14:12,2018/6/8 1:33,2018/6/18 0:00
015ed18d7ea7ca5c14f3c1decc55daf1,4eca2e495967922f24cbc0600040e006,delivered,2018-05-24 12:31:00,2018/5/24 12:59,2018/5/25 10:33,2018/5/28 12:17,2018/6/11 0:00
99c0ec36ad63cb20a6ad29041d537e85,32cbb3cad9dd1ccab31b01a36c2eed7f,delivered,2018-05-24 12:03:00,2018/5/24 12:19,2018/5/25 19:22,2018/6/5 12:08,2018/6/26 0:00
38a2b9fba0dbb602df8140da3d6287b1,134cde7c910ca0558fa3da0b03c15ac8,delivered,2018-05-24 19:20:00,2018/5/26 2:32,2018/5/29 14:47,2018/6/1 19:28,2018/6/12 0:00
bb05bd3bbacf1e3c6026b43b44a6631c,d6df67c855b6f445879822f6346dc45d,delivered,2018-05-24 11:05:00,2018/5/25 2:55,2018/5/30 12:58,2018/6/1 22:50,2018/6/11 0:00
f62c75a1e0b4e381aab33418a63670a4,320442d075116d982d8912a76fb9ade6,delivered,2018-05-24 11:53:00,2018/5/24 12:19,2018/5/30 14:29,2018/6/6 16:06,2018/6/26 0:00
dfcde524471a02bb09be29951cc089bb,1e8e1c62473f56df55197028a8b67324,delivered,2018-05-24 16:01:00,2018/5/25 8:36,2018/5/29 15:36,2018/6/11 20:18,2018/6/26 0:00
f9662cf84141094dc6ad14261f518662,8c1ec538b031faec7c83ddf4914bf92a,delivered,2018-05-24 21:20:00,2018/5/25 8:36,2018/5/25 13:01,2018/6/10 14:58,2018/6/25 0:00
83f3d57e77ac04a095a21b92ae0fd835,dd8cbb2002c9992c20c5d2d74e2fd5f5,delivered,2018-05-24 12:31:00,2018/5/24 12:59,2018/5/29 14:11,2018/6/1 22:22,2018/7/18 0:00
396712c68f59e647911d707604f4591a,90c091f5aa58aced1aac4576a90f7220,delivered,2018-05-24 20:37:00,2018/5/25 2:55,2018/5/25 14:42,2018/5/28 17:16,2018/6/11 0:00
5cc05e57c52bebf2882278793ed1ba3a,d0e8e7106624eeb3d3ac7c7ca89ef136,delivered,2018-05-24 21:07:00,2018/5/26 2:18,2018/5/28 14:01,2018/6/6 16:05,2018/6/21 0:00
db1c20a4da0424fc89761d0a694ea01a,a0e4dd3110c8e935735669706447da3f,delivered,2018-05-24 13:37:00,2018/5/24 13:53,2018/5/24 14:54,2018/5/28 17:43,2018/6/18 0:00
85eaa27aacbad988234b742f85ca7cd3,4f6b63ab9179d2cae7d2b9be48c33271,delivered,2018-05-24 12:41:00,2018/5/24 12:59,2018/5/30 14:58,2018/6/11 15:17,2018/7/11 0:00
c5c3f8505307266d936b0127ad17be75,9431058c0d24bf917751473cca9b9054,delivered,2018-05-24 08:57:00,2018/5/24 9:13,2018/5/25 14:05,2018/5/28 12:47,2018/6/11 0:00
42a19395ca15b0662870b6b41be02edc,71e5e75dfaa74b62bfb191e28152d528,delivered,2018-05-24 11:11:00,2018/5/24 11:39,2018/5/28 13:20,2018/6/1 16:07,2018/6/29 0:00
877e88c213b1ca25f07ece4878bb8acc,f6592d1d656f3e8f3762f9e2c88cbdff,delivered,2018-05-24 20:41:00,2018/5/24 20:54,2018/5/25 14:03,2018/6/4 12:14,2018/6/19 0:00
22c65b1b78b59ef00578d7b2b00c01e3,17e8891130965314e2f7e71d6e1c5a0f,delivered,2018-05-24 15:22:00,2018/5/24 15:40,2018/5/28 11:37,2018/6/5 11:21,2018/7/13 0:00
1b2eb899988cdcc0c604910e20a76c5f,f1ac767c61a06ae554888bf690ef0b94,delivered,2018-05-24 22:54:00,2018/5/26 2:32,2018/5/30 12:47,2018/6/6 18:49,2018/6/21 0:00
0356e39820a87bee3544a2025249451a,866dd245d597f9bb5288d41286834c83,delivered,2018-05-24 13:22:00,2018/5/24 13:39,2018/5/25 9:42,2018/6/5 15:36,2018/6/20 0:00
64b529353878328be729b0da4b3041bc,6d2a8a62ccdc51e36d7624e110ebd2a1,delivered,2018-05-24 06:31:00,2018/5/24 6:59,2018/5/24 14:04,2018/5/28 11:33,2018/6/26 0:00
802a16d8b5c3a74a38cf9216f429c469,02fcee476755e629f2a4113550450b24,delivered,2018-05-24 16:47:00,2018/5/24 18:38,2018/5/30 12:34,2018/6/6 17:33,2018/6/20 0:00
cad47dffa15e42fb1f1c09d6e5fec4aa,b66ecb3df0ca726cf146a215d81d0358,delivered,2018-05-24 19:51:00,2018/5/25 19:52,2018/5/29 16:08,2018/6/2 15:21,2018/6/21 0:00
f7cc115bdf4af94acf9b6da346ee1c88,f52778cec7c76551b704ecfd145d8ac5,delivered,2018-05-24 21:00:00,2018/5/25 2:55,2018/5/25 15:35,2018/6/6 16:50,2018/7/12 0:00
00beb247698c6aae94e3f859d279e2cd,fb6730884fc4466765ef8619cfe90ced,delivered,2018-05-24 22:21:00,2018/5/26 2:18,2018/5/28 15:04,2018/5/29 19:11,2018/6/11 0:00
301f542650857f1460bdf2c3ba014fe0,f07bf0addb00665b70642dbac95605e4,delivered,2018-05-24 01:32:00,2018/5/24 1:54,2018/5/24 13:59,2018/6/8 0:38,2018/7/12 0:00
34c62850ad53be21313a03576fa7fd32,8c1bad84558341cde17c31a0fa68c46a,delivered,2018-05-24 21:26:00,2018/5/24 21:58,2018/5/26 9:28,2018/6/4 23:12,2018/6/20 0:00
7da1331ba1360722203a1815d5e80844,faa05467f4b06e08138f1c1773ab2fbf,delivered,2018-05-24 14:28:00,2018/5/26 2:31,2018/5/29 14:06,2018/6/7 15:18,2018/6/26 0:00
14ddbde8a800125503870bcad59d2851,6082d2846415141d6736a61ee9a9e6b1,delivered,2018-05-24 12:34:00,2018/5/26 2:31,2018/5/30 14:29,2018/6/4 16:28,2018/6/19 0:00
72c1981e7d8a8581c570d2e31a560935,755148ef59208372a60ac6c213c1389f,delivered,2018-05-24 11:30:00,2018/5/25 2:55,2018/5/25 13:58,2018/5/29 15:04,2018/6/11 0:00
9ba2e8784e3e43f617fd0faa356d309d,475cd64aa7fcd579a93e4db98984450c,delivered,2018-05-24 11:07:00,2018/5/26 2:31,2018/5/26 8:16,2018/5/28 17:27,2018/6/11 0:00
e4dfdab4dc28a8727655a0f0a19224b2,a01d949bbd7511dae0779da819c1d8ef,delivered,2018-05-24 23:34:00,2018/5/25 23:37,2018/5/30 15:14,2018/6/8 19:33,2018/6/20 0:00
c4be264e023710df94440abb4db0a621,828282c08ca2d1d4ec32d670659c1ab8,delivered,2018-05-24 07:15:00,2018/5/24 7:39,2018/5/24 13:29,2018/5/29 17:38,2018/6/11 0:00
9e73206bec0372cd5c586577e7910236,1e2efa955775eccbf59ceac62df6de67,delivered,2018-05-24 17:14:00,2018/5/26 2:32,2018/5/28 15:03,2018/6/4 17:51,2018/6/26 0:00
ab2e9e7981f5ff473ba140849d5129c9,12102aca8872f8686b300f9fc8652a76,delivered,2018-05-24 20:18:00,2018/5/24 20:37,2018/5/25 15:23,2018/6/1 21:55,2018/6/11 0:00
4c5ac0db9e6945c127bede87a8a1bf7d,06c3432a700a69e743fa666027996994,delivered,2018-05-24 21:29:00,2018/5/26 2:31,2018/5/30 11:15,2018/6/6 19:41,2018/6/19 0:00
9d65f5b3f39a8bab190ca8c315452bf9,d73568e3ecaf64187cdc402be8c8d0bd,delivered,2018-05-24 23:50:00,2018/5/25 0:14,2018/5/29 8:23,2018/6/4 15:55,2018/6/20 0:00
9f9ac312604229686c04260955495c70,3357c4c3ecf82709236158cb2ac0ce9b,delivered,2018-05-24 11:38:00,2018/5/24 11:53,2018/5/25 13:12,2018/5/28 12:36,2018/6/11 0:00
f506fd1443d94ad16f25a94426fb8805,fd96f7c811ef18a28ec69e471328b60b,delivered,2018-05-24 22:57:00,2018/5/24 23:18,2018/5/25 15:30,2018/6/2 20:18,2018/6/21 0:00
853bcc471d6ed0eb620a497023eb9fa6,5255888d021de3e7ad01cbc8e47b256c,delivered,2018-05-24 14:10:00,2018/5/24 14:33,2018/5/24 14:19,2018/6/4 22:52,2018/6/20 0:00
c8760b2b21e61235273701a644b5fd95,180791a90665e8124094adce3e0b56c7,delivered,2018-05-24 16:46:00,2018/5/24 18:38,2018/5/25 18:25,2018/5/28 20:42,2018/6/13 0:00
379281cb6937d39c00978dd24e8a71bb,b0da8feada4c6c91411715ee38b551d9,delivered,2018-05-24 16:58:00,2018/5/24 18:23,2018/5/28 13:04,2018/6/8 14:02,2018/6/20 0:00
7dae8e764e7cce9b6197c024b802e5d9,d7f4db9577676d4fc9605033b96615e3,delivered,2018-05-24 16:44:00,2018/5/26 2:32,2018/5/30 10:20,2018/6/6 17:58,2018/6/29 0:00
1fffef31321bf946fd10e0a8ee43443e,cf30fa000f0d790f984ac0fdca6b078e,delivered,2018-05-24 15:27:00,2018/5/25 2:55,2018/5/28 11:29,2018/6/4 18:52,2018/6/18 0:00
4fa562ccf4105ec42bf3934fcaf418ed,1388e1cc63c2fa01f850f63372eb3737,delivered,2018-05-24 16:17:00,2018/5/24 18:22,2018/5/25 15:56,2018/6/5 1:59,2018/6/21 0:00
a2bf57f7bd62d8cec922908b7ec2c256,512f4662f36d120d1438a5ce6a5307bd,delivered,2018-05-24 21:39:00,2018/5/24 21:58,2018/5/25 13:15,2018/6/6 11:22,2018/6/26 0:00
47a1cdc1ae52b80a3800fb4509e657e4,8117d08aa8872ba4d8660d2b6c33c72a,delivered,2018-05-24 11:19:00,2018/5/24 11:39,2018/5/25 14:20,2018/6/4 21:42,2018/6/25 0:00
13d38ae5c379157b139b2bef4a906c7a,ac58c4227a6b6b12f7e158a96522f61d,delivered,2018-05-24 17:51:00,2018/5/25 2:55,2018/5/25 14:01,2018/6/5 18:18,2018/6/28 0:00
236923fe36df7c931b0fb65f493e39e4,b1c1ce38e32f5c8f25f515f2caf1f1c1,delivered,2018-05-24 01:14:00,2018/5/24 1:37,2018/5/25 14:09,2018/6/8 17:55,2018/6/18 0:00
2109de10cb751b43648fd8c1ebbb1d0f,67a271d976c40ec0969381f5e5e3a240,delivered,2018-05-24 09:38:00,2018/5/24 9:53,2018/5/24 13:45,2018/6/2 12:12,2018/6/20 0:00
dbd6d0d4696586fb1be53b1e8d1ed2be,e64d695b052ba75d2a0052ef2a1383fa,delivered,2018-05-24 10:01:00,2018/5/24 10:19,2018/5/25 8:30,2018/6/7 18:46,2018/6/25 0:00
13a129044d7c671ff1ca959083f80653,3fb3a5016598ada7b80d50c770a874b1,delivered,2018-05-24 16:42:00,2018/5/24 18:38,2018/5/25 15:11,2018/5/28 17:56,2018/6/11 0:00
0fe3f84cf0535ad78f10115634d7ed88,0f4ca0a41b7dc9168f18ba37173316bf,delivered,2018-05-24 18:08:00,2018/5/24 18:38,2018/5/29 13:12,2018/6/7 20:45,2018/6/25 0:00
ce79ae0eb1e344fbf19835147efc64e4,e758443211dfead853b497789eb50c86,delivered,2018-05-24 20:33:00,2018/5/24 20:54,2018/5/25 14:27,2018/5/28 17:18,2018/6/13 0:00
471f7bcf95321e4e00d947114c884bd3,3dd73da1c3553ed2b05530b8b156b3b6,delivered,2018-05-24 18:56:00,2018/5/24 19:17,2018/5/25 13:46,2018/5/26 17:12,2018/6/14 0:00
c4dad201936ed30eef3c94fafa59ed6e,cafd2aa4c46d2009f8ae97c20b2ccbed,delivered,2018-05-24 12:28:00,2018/5/24 12:59,2018/5/24 14:59,2018/5/25 17:42,2018/6/13 0:00
23df618cc33c091a2663120f9de8dbfd,efbac5d10fdb11e07b78409fd8fddb45,delivered,2018-05-24 13:27:00,2018/5/25 2:54,2018/5/25 11:48,2018/6/7 21:27,2018/6/18 0:00
acf3ac1c437e8674370762c5a482b978,6e49bb1c98e6dc8e904a19cca2a4b17d,delivered,2018-05-24 11:46:00,2018/5/24 12:18,2018/5/25 15:04,2018/6/8 15:07,2018/6/19 0:00
6612d55037369324a1556532b38d02cb,daa8453225636e0b071a47d14745259e,delivered,2018-05-24 14:41:00,2018/5/25 11:53,2018/5/25 15:35,2018/6/8 15:36,2018/6/19 0:00
4852f370542e79ecd0ad9671dfcbc91b,fe25712115807b021f9006b84aec0ee9,delivered,2018-05-24 14:13:00,2018/5/24 14:33,2018/6/8 14:56,2018/6/13 20:47,2018/6/28 0:00
bfa75f5b708094727e17ff4ec9bb4f1c,28450048348e99f41971dec6257cf532,delivered,2018-05-24 11:07:00,2018/5/24 11:39,2018/5/24 18:24,2018/5/25 12:24,2018/6/11 0:00
96eeb147a88eecc583923d44e1e85311,7c35eea9239c528dc292c23b2169ef47,delivered,2018-05-24 10:43:00,2018/5/25 2:54,2018/5/28 10:02,2018/6/4 20:53,2018/6/19 0:00
d2778bedb92f5e0d8d10a0a7c3ffd2f2,253d88df078c198b41a10a3fbd4c4667,delivered,2018-05-24 00:22:00,2018/5/24 0:35,2018/5/24 9:45,2018/6/4 18:08,2018/6/19 0:00
96c0cb58d9c14384c9441f49917a911f,b8e1ec335320a93eb146923a356813a0,delivered,2018-05-24 18:23:00,2018/5/24 18:38,2018/5/25 14:04,2018/6/5 0:23,2018/6/21 0:00
7ae4fd8c81d9c0d64e4a89a71adbb6c2,6bec28a0162e9cf0dac2934b4c158954,delivered,2018-05-24 16:33:00,2018/5/24 18:23,2018/5/25 14:03,2018/6/5 18:17,2018/6/19 0:00
e2a04e95ea3fda8f64fc1edeb4e04c34,e41ca8cd2c3ae3aec718fa68a2ff49d4,delivered,2018-05-24 14:20:00,2018/5/24 15:55,2018/5/25 15:25,2018/5/29 13:56,2018/6/12 0:00
56f3eb3f797bf95b964817291410d0a2,d040fd53fa434d71f061751174e52bb0,delivered,2018-05-24 19:20:00,2018/5/25 8:36,2018/5/25 14:27,2018/5/29 20:41,2018/6/11 0:00
ad20e4772c02fa44040fe219a2a172b6,136531654012e2483205dc3be3076c58,delivered,2018-05-24 14:41:00,2018/5/24 15:00,2018/5/24 17:17,2018/6/5 21:38,2018/6/11 0:00
944f138622bd3f426cb3c1588035ce87,c925aa23b9b1aefbe9df7f7deaae7715,delivered,2018-05-24 19:50:00,2018/5/24 20:14,2018/5/25 14:00,2018/6/2 15:12,2018/6/18 0:00
e1c7bc80ff13024585f11c5d149f3c8a,fb62d928d6792220442f770dce17a56c,delivered,2018-05-24 17:51:00,2018/5/24 18:38,2018/5/25 11:13,2018/5/26 12:45,2018/6/11 0:00
7d51d88244e80164e317acbec4b7c643,c3aa3310a31edc113ec7118b4d13223d,delivered,2018-05-24 15:48:00,2018/5/26 2:31,2018/5/29 9:40,2018/6/17 5:56,2018/7/4 0:00
ee28f84fa04da5254221a38a49924618,08d9fa34b8f63361201b4f2548c3c384,delivered,2018-05-24 20:12:00,2018/5/24 20:37,2018/5/25 11:26,2018/6/5 18:43,2018/6/20 0:00
b2f4d61781e3120462270cc41f9693eb,496a959e5d8dd7bea89fad0ef7dabe36,delivered,2018-05-24 13:02:00,2018/5/24 13:13,2018/5/24 14:16,2018/5/29 17:27,2018/6/11 0:00
15d7f7e31e30d22d476a7049de63b2dc,d38882820e53cc96b6c04c82bd024d0b,delivered,2018-05-24 15:26:00,2018/5/26 2:18,2018/5/28 14:29,2018/6/1 13:58,2018/6/18 0:00
e32a92918d2cdf233b619daa465cfb6d,efe125b54949364f392f99e7e9b93ac3,delivered,2018-05-24 00:53:00,2018/5/24 2:18,2018/5/24 16:15,2018/5/25 17:42,2018/6/11 0:00
8df8c3199fb229a1472b0a47e3b106ae,b2e28a076bc94c06918d88116a0050f6,delivered,2018-05-24 13:50:00,2018/5/24 14:19,2018/5/25 14:54,2018/5/28 19:38,2018/6/11 0:00
6c073a22ff6009da282ea6c30102f996,fd21e05c87eb8feb0e94bb41b85efcf4,delivered,2018-05-24 09:19:00,2018/5/26 2:18,2018/5/30 14:48,2018/6/7 23:41,2018/7/2 0:00
22b559721353b303d170debdcd4b58c8,954a6423f0d2b7bea00783fe754b7d09,delivered,2018-05-24 16:32:00,2018/5/26 2:31,2018/5/28 13:33,2018/6/4 23:29,2018/6/26 0:00
76c534dbb4c5ca67809898e7426097b5,eef334d286867001f368d3b4b240f1ba,delivered,2018-05-24 11:47:00,2018/5/24 12:18,2018/5/24 14:24,2018/5/28 10:45,2018/6/11 0:00
19c0bfcd4496e4f2c70c779226c8605b,089da4e76a40d4222c2797bb79c2988f,delivered,2018-05-24 10:11:00,2018/5/24 10:33,2018/5/24 12:02,2018/6/4 18:11,2018/6/19 0:00
c2d8fd0097ccdb4f3ace3eda887e7c64,19ec2ea35bb682c9936e2a35e4a212b0,delivered,2018-05-24 06:57:00,2018/5/24 7:13,2018/5/24 15:23,2018/6/5 13:16,2018/6/26 0:00
d3085edb0a0b0d550bd72f712de90c09,1ebe4440e27e63e562784cd1b8a85a37,delivered,2018-05-24 11:00:00,2018/5/24 14:56,2018/5/25 12:44,2018/6/4 15:48,2018/6/19 0:00
6d5e087df6cf3e6440c325e21c9a1c7c,096e4afe8c8bea72cf73edcca7a74134,delivered,2018-05-24 15:43:00,2018/5/24 15:55,2018/5/25 10:11,2018/6/8 15:09,2018/7/5 0:00
d65c4249ab7af6bab389533d3e320eb4,0b6d8536d3e0a2b1b73fad9f2c7179d5,delivered,2018-05-24 15:40:00,2018/5/24 15:53,2018/5/25 14:03,2018/6/4 19:38,2018/6/19 0:00
aa13f22ba1dbf5360989f7480c1e099c,7d68267a55b2e8c1401e82cf6b2ea808,delivered,2018-05-24 09:32:00,2018/5/24 9:53,2018/5/24 14:08,2018/5/25 21:32,2018/6/12 0:00
4b26d2fce6fdc2f2a9f87c7cb05226ef,ba24be7f82de71a9ad1d254ff5198815,delivered,2018-05-24 11:29:00,2018/5/26 2:18,2018/5/28 12:24,2018/6/9 15:58,2018/6/25 0:00
9bf784212164c8cc81d3eb16daaa5950,4acfe2f36c9f7b470ef68d71dc5b6ebc,delivered,2018-05-24 01:18:00,2018/5/24 1:38,2018/5/24 13:55,2018/6/6 19:04,2018/6/18 0:00
7d4bbd720f893f2ce3f6e19f95c4249a,9f9ced8eb6ca98352e7f4851b6890cd4,delivered,2018-05-24 11:30:00,2018/5/25 11:37,2018/5/25 11:15,2018/5/29 15:17,2018/6/29 0:00
1052fc490084f258baac0395a94fa58d,e462719dbc5b591fd5713cd4a8de758c,delivered,2018-05-24 15:47:00,2018/5/24 15:55,2018/5/29 14:18,2018/6/4 16:51,2018/6/18 0:00
2484e92129d05f3104e03735dd3b7771,382fbca5bd170b5d5b3879824f8f7a4a,delivered,2018-05-24 15:39:00,2018/5/24 15:53,2018/5/25 13:56,2018/6/7 4:39,2018/6/18 0:00
95cf9f239f724799131f7ca949209bd9,7251aa758779438faea714941f1051c4,delivered,2018-05-25 08:54:00,2018/5/25 9:16,2018/5/28 15:43,2018/5/30 15:06,2018/6/12 0:00
9d48a2dfef2e0cb6155f816b9bf8489c,c4e12dfa6412f54cb99c38787dca987f,delivered,2018-05-25 22:10:00,2018/5/25 22:32,2018/5/28 15:02,2018/6/1 14:46,2018/6/19 0:00
4652332a6a0d39960cdec082ef7b52b8,877b18b6aaa2faadfbf88c43a9bd5c42,delivered,2018-05-25 13:28:00,2018/5/25 13:53,2018/5/28 15:04,2018/5/29 20:10,2018/6/12 0:00
3db52c1df4d52ab19d7e7365d647f6fc,94df3c23c37dc051dbb2f1d03a3693de,delivered,2018-05-25 09:54:00,2018/5/25 10:16,2018/5/25 13:20,2018/6/4 20:28,2018/6/19 0:00
bf0037905499198f0e5f888208d275cf,882d6bef7ba1904c9c0db3f7a4bc8fd3,delivered,2018-05-25 22:21:00,2018/5/26 22:17,2018/5/28 14:15,2018/6/3 18:12,2018/7/3 0:00
264ce11c5e766e56fad7ef4046030511,beca47edbdd65b21b705e744c4275638,delivered,2018-05-25 16:23:00,2018/5/25 16:36,2018/5/28 14:20,2018/6/10 17:02,2018/6/25 0:00
e130d3f737127ae52681b9338aea9b64,b9da524b08224eaff1bf76ef4d4299ac,delivered,2018-05-25 14:41:00,2018/5/26 10:19,2018/5/28 13:48,2018/6/5 9:02,2018/6/19 0:00
ba7b165e199d438fedf5f04cabb6b5ac,857653b0eb3d3c5634481c63cae0cf69,delivered,2018-05-25 12:02:00,2018/5/25 12:17,2018/6/4 13:45,2018/6/12 21:34,2018/6/29 0:00
59934ef5e174b490aacecbbe4f381155,21541c3afc8571eea3457e009fe50782,delivered,2018-05-25 23:05:00,2018/5/25 23:37,2018/5/29 13:09,2018/6/4 14:08,2018/7/11 0:00
303ee5296914e7240620a31df874be35,c9118083d11b71877d8d42aa421ab73e,delivered,2018-05-25 22:04:00,2018/5/25 22:17,2018/5/28 12:27,2018/6/8 15:42,2018/7/4 0:00
7c95572fd6e7e0ab8b88b00fd8c70716,418af5f91d6a47660e62a208385edac5,delivered,2018-05-25 21:31:00,2018/5/26 2:32,2018/5/28 12:35,2018/6/5 17:02,2018/6/19 0:00
77e62c3d5d4bc9c33f9fbab23755728e,1442d92ced8acf903c78285fdfd5b368,delivered,2018-05-25 16:44:00,2018/5/26 2:32,2018/6/1 6:27,2018/6/4 22:46,2018/6/12 0:00
9b623b8ed71c4e38c722cec8188768e3,a1804044f3a31ff4f8f6c010ab1af940,delivered,2018-05-25 09:12:00,2018/5/26 2:31,2018/6/4 12:58,2018/6/12 0:32,2018/6/26 0:00
7311286f78c8201da664e23a95803967,ca6885a75616ff8f29a452e4283642e0,delivered,2018-05-25 09:06:00,2018/5/25 9:16,2018/6/1 14:42,2018/6/7 19:31,2018/6/20 0:00
e11fec6c25945565c1ef4f14fc3c03b7,fdf0fe7cd1365ffdcbbc3b95273a20a5,delivered,2018-05-25 10:33:00,2018/5/26 9:10,2018/5/28 15:01,2018/5/29 17:29,2018/6/12 0:00
4ecb7b84b78466108b99fb193e6898d5,cf1505cdc6d77f257483919755e7f0f4,delivered,2018-05-25 22:00:00,2018/5/25 22:17,2018/5/28 14:02,2018/6/9 16:06,2018/7/5 0:00
4c5217fb6ab39cfb5403395d85f26311,c2b2dddae69440202ae09ed199f75c28,delivered,2018-05-25 11:09:00,2018/5/29 3:14,2018/5/29 13:44,2018/6/18 19:36,2018/7/3 0:00
d8ded99e3d8a9de0aba5037f97743cff,8b318ddc93f0076d90f07847ddf47567,delivered,2018-05-25 20:35:00,2018/5/25 20:57,2018/5/28 15:55,2018/6/7 18:22,2018/7/5 0:00
a40edbe5d365b2950b82a2275a5b211a,da14d636fdbf0cf7f7c9da5967eb7f0f,delivered,2018-05-25 21:15:00,2018/5/25 21:37,2018/5/28 14:52,2018/6/7 22:29,2018/7/3 0:00
f0f94b7c7548150f33f5d9e7597d396f,cb5a3d3dea83e4200af551141613ddab,unavailable,2018-05-25 19:17:00,2018/5/25 19:38,,,2018/6/19 0:00
8a6b619c3aff55f02ec3cabe6d746ce8,ce90096f130e38392654bacf265b1f58,delivered,2018-05-25 18:28:00,2018/5/25 18:58,2018/6/12 7:51,2018/6/17 13:18,2018/7/12 0:00
79b49127db2c9bc718a161183671505c,46210ff74e2784d4d386742c4a72513a,delivered,2018-05-25 18:57:00,2018/5/25 19:12,2018/6/5 14:33,2018/6/6 22:12,2018/6/19 0:00
c9e0c39985eec7874e2902fbc6256be6,5d65ba8b30ada8fdd15195fa18e29e51,delivered,2018-05-25 11:13:00,2018/5/26 2:31,2018/5/29 7:31,2018/6/5 8:45,2018/6/20 0:00
add546d4d3ce43710bba09276bbe07e2,6e99627292e6e50e897b63a3b94560eb,delivered,2018-05-25 12:48:00,2018/5/25 13:13,2018/5/29 12:47,2018/5/30 20:22,2018/6/12 0:00
c4406c3911b19657e6304e5c7c61a069,e984622ea4af8f2f8c35ad8eb48c7362,delivered,2018-05-25 12:04:00,2018/5/25 12:17,2018/5/25 15:29,2018/5/28 17:44,2018/6/13 0:00
c8b785ff006155b23afd689ffdf7975e,685d525a7b19b0f8984d5786aaa9f087,delivered,2018-05-25 15:44:00,2018/5/25 16:21,2018/5/29 12:53,2018/5/30 18:18,2018/6/12 0:00
78f73cede21d3bf1d0c0e9fe1e02cbc6,0f935d36c149c0c16112af59526bb453,delivered,2018-05-25 14:48:00,2018/5/25 15:12,2018/5/29 13:43,2018/5/30 18:59,2018/6/14 0:00
36f3f1d96022b41043bf6db3266453cd,840b5c8902b80e63aa691ca5cbaa9bb6,delivered,2018-05-25 17:46:00,2018/5/28 12:34,2018/6/1 13:54,2018/6/11 22:05,2018/6/26 0:00
2d089d0a3acc8734734e60850db44254,0d81cdd5209a30ae17750f9a7510f745,delivered,2018-05-25 12:00:00,2018/5/25 12:17,2018/5/29 12:24,2018/5/30 14:38,2018/6/13 0:00
474f2b1387a07ea0159ca7a996dd09e8,af9f1f9ade37d77f67931dc3ee2210ba,delivered,2018-05-25 13:00:00,2018/5/25 13:13,2018/5/28 14:37,2018/6/2 13:50,2018/6/14 0:00
8f896313326eb7ff2740ec77ce78df4b,6e398fdd8f3b385dba2f846e348c5cd9,delivered,2018-05-25 11:46:00,2018/5/25 11:55,2018/5/25 14:02,2018/6/8 0:18,2018/6/28 0:00
7bf51ca28b0a2718c909eb8296bc98d1,757d1a39e3075c8a41f4111859221b1e,delivered,2018-05-25 15:52:00,2018/5/25 16:21,2018/5/28 13:37,2018/6/5 18:38,2018/6/25 0:00
3601e0c7b50fe6de74f3dfd5dc76b122,8fa651e6c34125a822080f2c838ffe35,delivered,2018-05-25 18:15:00,2018/5/25 18:32,2018/5/28 14:26,2018/5/29 17:48,2018/6/12 0:00
c308c2ae15a981044aa6d93a3c6bcf1a,88489527cc5297af6ef25ae19ed5506b,delivered,2018-05-25 16:06:00,2018/5/29 3:55,2018/5/29 12:39,2018/6/5 14:45,2018/6/21 0:00
2f803c32f469729b9a81a120bcf74567,ecccf01a5732bcd6e1cbe1e0a7157366,delivered,2018-05-25 20:26:00,2018/5/25 20:35,2018/5/28 14:20,2018/6/20 16:08,2018/7/12 0:00
0330631bdb2ec8c341f487ed9c22fc8b,e3109970a3fe8021d5ff82c577ce5606,delivered,2018-05-25 12:02:00,2018/5/26 2:31,2018/5/29 15:41,2018/6/7 22:42,2018/6/26 0:00
bf1f8df62b104db3de943cf23ed71435,f09da4a140386d7af34fb63abe90d9eb,delivered,2018-05-25 08:16:00,2018/5/25 8:36,2018/5/25 13:35,2018/6/1 21:10,2018/6/12 0:00
114b1cbf281d72023b151203775b0b4f,9f0a6132b4dc6010d7b675cdd84aef5d,delivered,2018-05-25 18:44:00,2018/5/25 19:12,2018/5/28 15:22,2018/6/8 14:36,2018/6/28 0:00
954432a2b2661b54eac000446dfde330,c9f75fdd6934fe7d0fa4bab85e2c73b6,delivered,2018-05-25 18:06:00,2018/5/25 18:18,2018/5/28 15:55,2018/6/4 20:12,2018/6/20 0:00
78c9dae3539db375cbc0786555c5f570,6ab1ee67b168deb40c5010cbfcc60b4a,delivered,2018-05-25 01:22:00,2018/5/25 1:35,2018/5/25 11:13,2018/6/4 19:57,2018/6/20 0:00
1cfb1004795caeda0e94f5bfdb879dfb,c1055008565df6ac915396f459156c07,delivered,2018-05-25 18:44:00,2018/5/29 3:14,2018/5/29 13:28,2018/6/6 15:44,2018/6/19 0:00
47950fd9593ec583d56bcc690f12e245,5f9d4ba1b2825bd9d4c3af5722c8f790,delivered,2018-05-25 16:47:00,2018/5/26 2:31,2018/5/28 13:13,2018/6/8 17:39,2018/6/20 0:00
2fe8d06695835130f65178317d0be4c7,2efbd1449f54af0ad6d218984bdf65b7,delivered,2018-05-25 18:29:00,2018/5/25 18:58,2018/5/28 16:19,2018/5/29 20:51,2018/6/12 0:00
9addcfb50039a7744e3385c20debb983,d4788cd29b824400650133d63034df02,delivered,2018-05-25 10:23:00,2018/5/25 10:35,2018/5/25 14:40,2018/6/6 16:26,2018/7/5 0:00
6b17faa4e2b485586a3bbe992eb96d0a,9bc3d80a9c929e0de1aba110d5f7bbab,delivered,2018-05-25 19:21:00,2018/5/25 19:38,2018/5/29 7:17,2018/6/9 12:04,2018/7/5 0:00
8d6aacafb62c871afb4c8e5c606e2a80,e8ddc5243a1b054a9b2680d64d512e78,delivered,2018-05-25 17:19:00,2018/5/25 17:38,2018/5/30 7:11,2018/6/4 17:11,2018/6/29 0:00
96068d351a84dcea0b929884876e4fae,4d0f9fd6b7fbb1739372df2ef5693ce3,delivered,2018-05-25 18:35:00,2018/5/25 18:58,2018/5/28 15:53,2018/6/7 16:52,2018/7/11 0:00
c38aa2f85a080e3c7d20f51359873479,cdd41d4855ed541bf86744974bf4d2a0,delivered,2018-05-25 13:15:00,2018/5/25 13:37,2018/5/28 10:02,2018/6/1 15:06,2018/6/20 0:00
e98c1902289b968eada0709158767a6a,ca96bbd1405379b80e48b64cee01ded0,delivered,2018-05-25 14:36:00,2018/5/29 3:31,2018/5/29 13:27,2018/6/11 19:12,2018/6/28 0:00
edcd987f773b6e55104729648e8cf34d,9f3f0f4cbc15ba48c9906e581d053578,delivered,2018-05-25 15:44:00,2018/5/25 15:55,2018/6/1 10:30,2018/6/7 16:58,2018/6/20 0:00
790a2b1cebf279ed28bf91f4fe91478c,4ea820653bf7274276f572b286e50726,delivered,2018-05-25 09:27:00,2018/5/26 2:32,2018/5/29 14:20,2018/6/7 20:50,2018/7/13 0:00
aeed0a4dc090295564a3915202178173,9664823e431e300a215146df1c6282dc,delivered,2018-05-25 11:06:00,2018/5/26 2:18,2018/5/28 14:08,2018/6/8 0:12,2018/6/26 0:00
fc23d0b3d8b6e49fc4e6d021d7f9073b,a31e5a52da6f1e13e7d1bf74f4749612,delivered,2018-05-25 15:31:00,2018/5/25 15:52,2018/5/29 9:26,2018/6/3 16:59,2018/6/12 0:00
e313e28672ccec17e6e1612899299623,8dff08273b834a0219865fc1a56a2c0a,delivered,2018-05-25 21:01:00,2018/5/25 21:13,2018/5/29 10:29,2018/6/7 22:18,2018/6/29 0:00
70747b96517d9085ad6cbcec3a7ee661,bfc4066db14a5249168915cc6285ceee,delivered,2018-05-25 18:06:00,2018/5/25 18:32,2018/5/28 13:37,2018/6/9 15:08,2018/6/19 0:00
f1ec04b3b8679de55776bea7e3ad436f,2d9244f63bf21b376f8919c1f29faedc,delivered,2018-05-25 18:31:00,2018/5/25 18:58,2018/6/5 15:33,2018/7/5 16:16,2018/6/18 0:00
00ab9fa91aafa3d881164b0da48999aa,8630914c34f45ca88a7589cddb8e0ae2,delivered,2018-05-25 09:47:00,2018/5/26 9:50,2018/5/28 12:27,2018/6/7 0:18,2018/6/26 0:00
69eb180c9de9dcddefe8a3e8a7ce8016,2cfbc515734b19a3107a9e5b0cd7b250,delivered,2018-05-25 09:32:00,2018/5/25 9:54,2018/6/6 14:10,2018/6/15 17:51,2018/7/12 0:00
79e22f93f0543b4cc32f9aa333a6df5e,41453d3d3c13195c0964ae8948663b1f,delivered,2018-05-25 11:16:00,2018/5/25 11:37,2018/6/4 14:18,2018/6/7 17:28,2018/6/20 0:00
b0df2a6f7569a5a874e3d15bd27bbd6f,3620c99ac6d42c6c82d0ce6f327a8901,delivered,2018-05-25 17:37:00,2018/5/25 17:52,2018/5/28 11:28,2018/6/21 2:08,2018/7/17 0:00
d67445efbe81f76ebe2f1e2c474411f0,6aaf40faacd8e97eba67e35623e21099,delivered,2018-05-25 21:05:00,2018/5/25 21:37,2018/5/28 14:39,2018/6/1 13:42,2018/6/19 0:00
45ccd2f1dba595badc92a8c34c88381f,9f15859f6d963a90bae5f05b242cce4d,delivered,2018-05-25 12:51:00,2018/5/29 3:55,2018/5/29 8:58,2018/6/4 18:04,2018/6/19 0:00
1e6582156af0035606a446213730ca65,a22a8f7e1b228736f02555a035994f27,delivered,2018-05-25 19:17:00,2018/5/25 19:38,2018/5/26 7:56,2018/6/5 15:13,2018/7/20 0:00
359d387a5354eedce6105f09097195d2,0512c36c5e46fcfaa89c0fcc385d5ea4,delivered,2018-05-25 12:32:00,2018/5/25 12:57,2018/5/28 17:16,2018/5/29 20:10,2018/6/12 0:00
4b375478e5f18ae9c221ff36518282e1,37321ae3107bfec4b546019aa642db2a,delivered,2018-05-25 10:55:00,2018/5/26 2:31,2018/6/1 14:39,2018/6/12 22:13,2018/6/26 0:00
7e4be1fb343cfb05e87f6a4394420b55,25bc0175958db929618e5672430dbddb,delivered,2018-05-25 09:06:00,2018/5/29 3:14,2018/6/5 15:51,2018/6/7 2:33,2018/6/14 0:00
bee3c772bf29c9b56628b4fc2206fc9a,5134e48a9265050e6884f2c44752a4d5,delivered,2018-05-25 21:15:00,2018/5/25 21:37,2018/5/29 15:01,2018/6/2 13:51,2018/7/5 0:00
555b96fab13352cfb0199d765806f364,1b2455a757e2ea03d68d30b3f3fcc12d,delivered,2018-05-25 20:44:00,2018/5/25 20:57,2018/5/30 12:22,2018/6/8 15:18,2018/7/4 0:00
bd53eaf563a119c58bdf9a9d5b8cd012,c288690c43e1c2c09d8fc016e69a57c0,delivered,2018-05-25 20:44:00,2018/5/25 21:13,2018/5/29 7:31,2018/6/20 18:21,2018/7/5 0:00
2177c4dbccb15e413419402aa089b530,3a617ecc2fdbd4db7d5cb1e1a7d1f72d,delivered,2018-05-25 17:53:00,2018/5/25 18:18,2018/5/28 14:58,2018/5/29 19:12,2018/6/12 0:00
8e5d0c2169e3d73e73ad4591d43481a1,5a43453cd838f7dceef8d280a1a2c0fa,delivered,2018-05-25 10:59:00,2018/5/25 11:13,2018/5/28 14:09,2018/5/29 18:09,2018/6/12 0:00
1af4acf47f9833b90e3b7cb326ed85f9,5ec721f1279b850510ac109a5cad14c4,delivered,2018-05-25 14:48:00,2018/5/29 3:31,2018/5/29 10:31,2018/6/7 22:58,2018/7/3 0:00
6d60fdb8565707824a98431255d3183a,dc275c5e585b7c3a3cddef527e34fc19,delivered,2018-05-25 06:19:00,2018/5/25 7:06,2018/5/25 8:43,2018/5/29 13:28,2018/6/13 0:00
8784e1595ac9dd7e7f4ebaa6bc6d79ed,0d6e60614912658914919485bad43534,delivered,2018-05-25 08:17:00,2018/5/25 8:36,2018/5/25 15:04,2018/6/6 20:26,2018/6/20 0:00
5b6d41acb7c2e60bf82df4d27888b501,11aa23a0db30e8c0c0613ad79f753134,delivered,2018-05-25 19:55:00,2018/5/25 20:17,2018/5/28 13:58,2018/6/6 11:28,2018/7/3 0:00
4af6ca2a69957cdc073ddf26d1900ddb,096ecce73f38110822bb4a4bd9341e37,delivered,2018-05-25 16:55:00,2018/5/25 17:12,2018/5/29 12:19,2018/6/1 13:11,2018/6/25 0:00
8ba38eb02a4a3e3b991c454cff9c9f39,45974b86bbdb40023640776aaa340a5e,delivered,2018-05-25 23:56:00,2018/5/26 0:18,2018/5/28 15:12,2018/6/4 18:18,2018/6/28 0:00
4087849bcc671e4fd0e10770daa7bff2,927cd6e9fc974a3b4e48db435890ed8c,delivered,2018-05-25 22:07:00,2018/5/25 22:32,2018/5/28 13:56,2018/6/4 17:03,2018/6/26 0:00
ea4fcfe5ac29f18e634476ce3f68760c,444bb369d4ab45ab9e65a78c4a2904dd,delivered,2018-05-25 20:11:00,2018/5/29 3:31,2018/5/29 12:41,2018/6/4 22:25,2018/6/26 0:00
142c00b1a365aed0b31af96d7d79e673,a78232744e32a2bcb0993dda7ade2356,delivered,2018-05-25 11:38:00,2018/5/26 2:18,2018/5/29 9:26,2018/6/4 17:16,2018/6/12 0:00
d3b224f55ede50045860d4fd4eab01ef,bb8cd99e5a0a3bd2153261396b1e3723,delivered,2018-05-25 21:09:00,2018/5/26 10:19,2018/5/28 11:46,2018/6/25 18:52,2018/7/13 0:00
d053b132c9cab9591737e9754ccf21be,3d03918967b32805b683d795b94763d3,delivered,2018-05-25 18:43:00,2018/5/25 18:58,2018/5/29 12:53,2018/6/1 22:48,2018/6/12 0:00
cd274d860b561e0f2270dfb45ef0f066,72aa5f0d097694365f0144c644db7d04,delivered,2018-05-25 20:43:00,2018/5/25 20:57,2018/5/29 7:34,2018/6/6 14:24,2018/6/28 0:00
96df7a5f865a5f48c7637407b4f55be6,6a26e32a65e1655aaa042050e407e825,delivered,2018-05-25 10:42:00,2018/5/25 10:57,2018/5/28 12:35,2018/6/13 19:32,2018/7/13 0:00
fb7adb432e30eeecceeca74ee261fc36,8ca8e4658e8e33b72a7f44bbe38ce1cb,delivered,2018-05-25 18:16:00,2018/5/26 10:58,2018/5/28 14:08,2018/6/19 21:22,2018/7/3 0:00
d00179bc87932107ac934cad54be82c6,c6f42e5dd569247aab7d16bbe7283d9c,delivered,2018-05-25 16:19:00,2018/5/29 3:35,2018/5/30 9:22,2018/6/15 18:40,2018/6/29 0:00
b151fe5e854b99ee8ff6186d8e67a0c5,9cc61c2f285df20ce83ab844fd62df80,delivered,2018-05-25 11:11:00,2018/5/25 11:36,2018/5/25 14:56,2018/6/1 19:28,2018/6/25 0:00
a853cdd8003fb8372f09eefdb15720f8,ad145ce80d256cb7234084bd8c76a335,delivered,2018-05-25 16:38:00,2018/5/25 17:38,2018/5/28 13:37,2018/6/6 15:32,2018/6/28 0:00
64e64a4dd77d71d6bc307f24af1e55ac,28f22fffbbea1777ebad93132dc17012,delivered,2018-05-25 15:17:00,2018/5/25 15:37,2018/6/5 16:36,2018/6/6 19:29,2018/6/20 0:00
96eb9d1d1588412109dae29e68f86e86,6f33091955b66227318d0e051265e9fa,delivered,2018-05-25 10:38:00,2018/5/25 10:57,2018/5/29 12:26,2018/6/7 17:08,2018/7/11 0:00
68fed8c67c135afe92f670687163fafb,e9a689ba0543eacfd32922f7195fbcc8,delivered,2018-05-25 08:27:00,2018/5/25 8:54,2018/5/25 15:30,2018/6/1 21:06,2018/6/19 0:00
a18cc28d5b932f1f4a35cf7c4e63e571,d5dae391ec70aba0f0ee3d3bd7600faa,delivered,2018-05-25 22:02:00,2018/5/25 22:17,2018/5/26 8:36,2018/6/29 23:41,2018/7/18 0:00
7875524c18ad033ba2026f160273ce18,1158e1b14f3ebe4c4bf224fbb9485df2,delivered,2018-05-25 08:12:00,2018/5/26 8:19,2018/5/30 13:44,2018/6/14 18:33,2018/7/23 0:00
7207091d29c0f0df59dfe6e1cb216f2b,412cf6a277196304ae7644e7dd05471a,delivered,2018-05-25 01:51:00,2018/5/29 3:15,2018/5/29 10:25,2018/6/7 23:42,2018/6/20 0:00
96c5a073e3376be80ecf5e3e23f8ada8,64b986cfc15f9196228d3b51e5d3baea,delivered,2018-05-25 18:07:00,2018/5/26 2:31,2018/5/28 13:57,2018/5/29 15:33,2018/6/12 0:00
02ac6689fe09c236d7651b93246b6dbe,5dbd65686c8be953edaf0d56c22f973b,delivered,2018-05-25 11:45:00,2018/5/26 11:51,2018/5/28 14:08,2018/6/7 20:03,2018/6/20 0:00
7873fc4b6a81dc66e71e7611b0414bf4,10476479468e10f6b2c185376c55a094,delivered,2018-05-25 08:28:00,2018/5/25 8:54,2018/5/25 14:09,2018/5/29 21:56,2018/6/19 0:00
38c173dfe3aac4bedccd485f5424609d,a219b45ebd0c8d45aa950489e1ee1328,delivered,2018-05-25 18:02:00,2018/5/25 18:18,2018/5/28 15:15,2018/6/8 23:26,2018/6/28 0:00
538cce8b584cc6b13e623e781c51b181,92bed6da42dd27bb0dc2fe3a7ab8a18a,delivered,2018-05-25 08:22:00,2018/5/25 8:36,2018/5/30 13:34,2018/6/6 19:36,2018/8/16 0:00
95afcb84f1a639860e5dc19e0ca3cb2b,ca15e4c46c4f5189d76a5e578ba6c1e0,delivered,2018-05-25 17:48:00,2018/5/25 18:18,2018/5/29 18:29,2018/6/5 23:06,2018/7/3 0:00
4d5d37abd78b5223433230deee7d4e29,29ec9149639beb93b18e99d05e8744fa,delivered,2018-05-25 15:53:00,2018/5/26 2:18,2018/5/28 13:19,2018/6/4 18:22,2018/6/19 0:00
7e110c45faa244ec4ddcf4f1c995b389,296462d8658eaa2b9b34eb8378acf806,delivered,2018-05-25 15:00:00,2018/5/26 14:57,2018/5/28 13:34,2018/6/1 14:54,2018/6/13 0:00
7ca7bb0f6b6d3ff38dbb91aec21a0e62,b7099c2fea8e4284d4e9c6250c9a135c,delivered,2018-05-25 20:47:00,2018/5/29 3:30,2018/5/30 12:49,2018/6/5 14:07,2018/6/12 0:00
dfc6eb45a2753ed9e6c6ef4987b44503,a046c690e0564ffde0ce611b5eee2c30,delivered,2018-05-25 17:05:00,2018/5/25 17:15,2018/5/29 13:31,2018/6/4 23:54,2018/6/26 0:00
2042abeefae68e63a8aa30edd4b0eb48,a37a37235d7b3be3e2f95747ca589bda,delivered,2018-05-26 23:52:00,2018/5/27 23:49,2018/5/28 14:09,2018/5/30 15:48,2018/6/20 0:00
9e6bc602a2466daa94736f31d1319c5d,8338cddb98bbda6167cbec66540a8942,delivered,2018-05-26 17:57:00,2018/5/26 18:17,2018/5/30 13:12,2018/6/4 22:35,2018/6/29 0:00
b9499283a775ccfa9da92e6e75e9b4b9,d66a67d5008715c5d0fc4c106d596974,delivered,2018-05-26 21:46:00,2018/5/26 22:17,2018/6/6 12:57,2018/6/21 14:28,2018/7/16 0:00
d5feaf42ebb0105f527be0c6dd622b80,d399cd64e15fc776a47839d972c5bb2c,delivered,2018-05-26 16:01:00,2018/5/26 16:18,2018/5/28 14:04,2018/6/6 23:18,2018/6/29 0:00
6c15ee8450a1710e7495723be99f4030,356ead8c97942c8e553f692a81e50ccd,delivered,2018-05-26 00:14:00,2018/5/26 0:31,2018/5/26 8:16,2018/6/14 22:44,2018/7/5 0:00
9eb401aae2d502a73f4a27f97d3bebf5,f13bb2fb4cdf0a6655b9aaf846a73f13,delivered,2018-05-26 21:08:00,2018/5/26 21:37,2018/5/29 13:38,2018/6/13 18:36,2018/7/16 0:00
c0e57db4a4a6ef32aa28911d1c07df81,9630893f817054e899ceb1c9a539817a,delivered,2018-05-26 18:41:00,2018/5/26 18:57,2018/5/28 14:02,2018/6/7 15:05,2018/6/29 0:00
cfb94976becda338ad4171c3c072561c,5f3e95d3aa812f28f4d065e24aae40ce,delivered,2018-05-26 21:35:00,2018/5/26 21:50,2018/5/28 13:05,2018/6/8 23:22,2018/6/28 0:00
88a78af246c6c2db88e72b384796c98c,5f927d5f455d787c64e69dbe0382c5fa,delivered,2018-05-26 18:18:00,2018/5/26 18:30,2018/5/28 13:22,2018/5/29 17:28,2018/6/20 0:00
d48c5a8ece8e3482630f42983dce073a,ab7d332dd43e59effe9d3880a1952cc0,delivered,2018-05-26 09:47:00,2018/5/26 10:19,2018/5/29 12:18,2018/6/21 21:39,2018/7/11 0:00
0c67c33a0a66f1eb55919fb2e68a7a51,ab4d1e8f94270a845f887b71343b4814,delivered,2018-05-26 13:53:00,2018/5/26 14:18,2018/5/28 11:35,2018/6/5 16:08,2018/6/28 0:00
5f42573c60286a6f9d6a3809352c86e0,4b17aa73ba6fa555940aab81c6dbe893,delivered,2018-05-26 19:36:00,2018/5/26 19:49,2018/5/28 13:45,2018/6/1 13:32,2018/7/18 0:00
766f2ea906854dba48165692221f51ce,d9dbc1673f25911995d69582277aed40,delivered,2018-05-26 13:11:00,2018/5/26 13:38,2018/5/28 13:27,2018/6/18 23:58,2018/7/19 0:00
8deb9479ea624f4faf5bcbf20f4499d8,0a9c8e9d3d60525baec492c633d55282,delivered,2018-05-26 15:10:00,2018/5/26 15:38,2018/5/28 14:31,2018/6/18 12:52,2018/7/11 0:00
e3095d728011efc529f2db0e0f4cba46,035aed905c76a63603e6ed5d1d21ae65,delivered,2018-05-26 13:36:00,2018/5/26 13:51,2018/5/29 13:40,2018/6/15 19:51,2018/7/4 0:00
cfd2fa043913decbf8554ea5ce59d723,4a0f043ab94c7e6b5abda776c02ee946,delivered,2018-05-26 21:43:00,2018/5/26 21:55,2018/5/28 15:36,2018/5/29 20:33,2018/6/20 0:00
728bdd52f6c0ce9559950e2486289421,1fb7756db9b41c4632b991eebe03c438,delivered,2018-05-26 09:35:00,2018/5/26 9:50,2018/5/28 14:08,2018/6/7 12:24,2018/6/28 0:00
845686dd9137013d73ed42078be18809,1eef2bcc23c75349976a65957e2e105b,delivered,2018-05-26 13:56:00,2018/5/26 14:18,2018/5/30 19:05,2018/6/1 22:02,2018/6/20 0:00
370cfb4244f1a15b8d60d32fce42c3fd,d6304656af67fcbb83f11a7496be7a32,delivered,2018-05-26 12:49:00,2018/5/26 13:10,2018/5/28 13:58,2018/6/12 23:11,2018/6/28 0:00
d066a1b39a2761019f3109572b3b0db8,97a2701728643f3bb2ede5a9c3a81782,delivered,2018-05-26 12:25:00,2018/5/26 12:35,2018/5/28 7:27,2018/6/11 23:24,2018/7/16 0:00
1eecd2bcaafb81b8fa1c0c28d3de1f32,74a3ec43f4decf8f77dd1049a10b7a83,delivered,2018-05-26 15:41:00,2018/5/26 16:18,2018/5/29 13:28,2018/6/8 23:31,2018/7/5 0:00
0101aea69a09e1aa32caa6dbaba98503,55e153b503a15cf10845bacbb3b4d616,delivered,2018-05-26 13:07:00,2018/5/27 13:10,2018/5/28 14:08,2018/6/16 19:34,2018/7/19 0:00
5a8860de5c94def4edfddc2f88880b2f,d4e2b78958020f76ccb03034b94b1a43,delivered,2018-05-26 13:28:00,2018/5/26 14:35,2018/5/29 13:36,2018/6/6 18:38,2018/7/5 0:00
be55e32a03c6067d7fac887a8f607d11,7222d9a0c96d9a2813e905c54fa170c0,delivered,2018-05-26 03:36:00,2018/5/26 4:22,2018/5/29 15:32,2018/6/5 18:05,2018/7/31 0:00
55567a8e851b2400b53f74ec9b974221,75b55ff7cceeecbc718b1094555f5568,delivered,2018-05-26 19:20:00,2018/5/26 19:38,2018/6/4 13:42,2018/6/14 0:22,2018/6/29 0:00
2cb146ee8dcde5dc2e8dda5bcebe3f47,9eba5d654db88e3e5c4afbbe96787e08,delivered,2018-05-26 10:08:00,2018/5/29 3:15,2018/6/1 14:59,2018/6/4 19:23,2018/6/20 0:00
3ccadf098357a20c809d57a50c3d47ae,7a1ab9788d3a3325c375971012b979eb,delivered,2018-05-26 15:19:00,2018/5/29 3:31,2018/5/29 13:07,2018/6/1 20:40,2018/6/25 0:00
837bf2d48f18fc4d6e2e32cac9941960,c8d7c9a0047bba418f7a0ea9eda4976e,delivered,2018-05-26 12:46:00,2018/5/26 13:10,2018/5/28 15:12,2018/6/8 23:05,2018/7/13 0:00
04782e9b6da0d4326e534dae5dd3e09e,6cd650d55491e2da73465ce4a420afde,delivered,2018-05-26 22:39:00,2018/5/26 22:58,2018/5/29 14:38,2018/6/4 16:37,2018/6/29 0:00
8fb4e4bd46f9802e9179726dd20019a5,b5727de8bdb9c445c8479446733236a5,delivered,2018-05-26 18:16:00,2018/5/26 18:30,2018/5/29 13:49,2018/6/7 23:38,2018/6/20 0:00
05457977f35122e71095989d738e4a37,d4f3bec209aaecedb29d819e45cdb157,delivered,2018-05-26 16:40:00,2018/5/29 3:31,2018/5/30 11:14,2018/6/4 23:18,2018/6/29 0:00
32bde441c2a8669167988229bcafe2d7,25efd76e2a587902b55689c2d3eaea8c,delivered,2018-05-26 09:27:00,2018/5/26 9:50,2018/5/28 13:19,2018/6/16 14:08,2018/7/3 0:00
e9fe4a25c4b2cf9709c06e7e6aef0a8c,fe467cb0cabde021ce57f8c11899dcc7,delivered,2018-05-26 21:38:00,2018/5/26 21:50,2018/5/28 14:15,2018/5/30 16:39,2018/6/20 0:00
1c8b4e99b0bc55e61bda13d020efb26d,337c852ccde94a3fd2b633895534a4c0,delivered,2018-05-26 12:03:00,2018/5/26 12:30,2018/5/28 13:43,2018/5/29 12:18,2018/6/20 0:00
53525abf5054043e8c142bcb76170605,0df33b409cd66353c380327afa092214,delivered,2018-05-26 16:06:00,2018/5/26 16:30,2018/5/28 15:26,2018/6/1 19:48,2018/6/20 0:00
5be47775fbd521b6104cf7ed466afafb,301b8488e73b154141c3a0c5737262bf,delivered,2018-05-26 16:35:00,2018/5/26 16:58,2018/5/28 15:04,2018/5/29 11:18,2018/6/20 0:00
e5b203174e16a24326eca2118bf82a94,d9ecff4f4363cdedd69de972b3f926ef,delivered,2018-05-26 08:26:00,2018/5/26 8:35,2018/5/28 15:12,2018/6/4 10:18,2018/6/26 0:00
f712d6b3989692ceb30fb3cefe2a3593,beecde6eb4cee2e570e0896ac6c8c611,delivered,2018-05-26 21:25:00,2018/5/26 21:50,2018/5/28 14:09,2018/6/4 17:44,2018/7/3 0:00
a2bc7c1f8a1af365261e4f280bff4f6d,f5733fab64544ce8617bf770ac5d8543,delivered,2018-05-26 23:17:00,2018/5/27 23:15,2018/5/28 14:58,2018/6/1 16:22,2018/6/20 0:00
b4c5ff803ab75f16ce38e62e25cab043,f1a658516724893151252a16cc7d5cc7,delivered,2018-05-26 10:35:00,2018/5/29 3:55,2018/6/5 13:32,2018/6/14 23:42,2018/7/11 0:00
53edac1a124286956f5a77aa6db858ac,ed3269b8bcca63b337b3625b4d8970b3,delivered,2018-05-26 16:17:00,2018/5/27 16:15,2018/6/4 12:19,2018/6/14 22:03,2018/7/11 0:00
9a0b2a68507680a6e151319e4b6e68f7,4c2c2a4401219b69cecc92106c149bd4,delivered,2018-05-26 16:05:00,2018/5/26 16:30,2018/5/28 15:36,2018/6/14 11:46,2018/7/13 0:00
e73b248d4f6ecbef4a90906e0ec56290,f7c622a13c738dab416b48fd4d67d8ec,delivered,2018-05-26 16:33:00,2018/5/26 16:58,2018/5/28 14:08,2018/6/7 0:28,2018/6/28 0:00
477612d1e676932652d32281d67da87f,48cd4091de29a9ccd38f28271ee8431c,delivered,2018-05-26 22:18:00,2018/5/26 22:30,2018/5/28 14:49,2018/5/29 20:05,2018/6/20 0:00
17999150a37e709ef58ae49a064400fa,ed9264b6228fa70e32fd889810682e2f,delivered,2018-05-26 11:57:00,2018/5/26 12:18,2018/5/29 13:58,2018/6/4 20:52,2018/6/29 0:00
93d94474ff31149c751c5123897916d7,0a59f8ef2c08c550b607e7a5b71c754e,delivered,2018-05-26 13:42:00,2018/5/26 13:51,2018/5/29 14:22,2018/6/15 12:06,2018/7/13 0:00
feea4e6dd813103d3a1e4a39a341d66e,df7429c93b45154990b9a0d40ada45cb,delivered,2018-05-26 20:54:00,2018/5/26 21:09,2018/5/28 15:40,2018/6/8 17:41,2018/7/18 0:00
9c8a5a65a01f4a42ddd7fe53ee525568,f6776493ae32276dfb0c49984b8cba5b,delivered,2018-05-26 23:30:00,2018/5/26 23:49,2018/5/29 13:14,2018/6/1 14:05,2018/7/18 0:00
4007c8123697940f0574798a18c6ad29,aafe511008ceeac11be1fdab57f9bd8e,delivered,2018-05-26 18:50:00,2018/5/26 19:10,2018/5/29 12:47,2018/6/5 20:33,2018/7/4 0:00
a73d909b08c8058d8c1f42cdb2ada6ae,f6cedb4b0b06be93d4ab83c19536bcc9,delivered,2018-05-26 12:12:00,2018/5/26 12:30,2018/5/28 15:00,2018/6/1 15:42,2018/6/20 0:00
3e525509a51c670ba1386ba88ac9ab6a,04c7bc4cc351fcdcf95e0beea777088f,delivered,2018-05-26 14:19:00,2018/5/26 14:31,2018/5/29 13:25,2018/6/8 20:37,2018/6/28 0:00
e4ce7e9f0b81f2de2415e30494021d2c,5ab3c37d3cf12220b77de5f0d6ea1a66,delivered,2018-05-26 00:34:00,2018/5/27 0:30,2018/5/29 13:41,2018/6/4 19:51,2018/6/20 0:00
9392c5e72885ad5aba87e6223ca9838d,d95f60d70d9ea9a7fe37c53c931940bb,delivered,2018-05-26 19:42:00,2018/5/29 3:31,2018/6/4 11:02,2018/6/19 17:05,2018/7/11 0:00
df52ca7830380e7d8f7292e99434eea7,a1902b753d5eeb9831f1d3f89a13fba8,delivered,2018-05-26 11:51:00,2018/5/28 11:03,2018/5/28 14:03,2018/6/8 10:14,2018/6/12 0:00
a50aa8b40d7c388a14e6fe4ec5528ec3,52aceafe10a008aa9d22dfcb077b4c87,delivered,2018-05-26 09:55:00,2018/5/26 10:19,2018/5/28 10:02,2018/6/12 23:28,2018/7/11 0:00
576b3b33dc81c4368f8256613418a197,74d42649584dc3dca22a3f1f27232c53,delivered,2018-05-26 12:04:00,2018/5/26 12:30,2018/5/28 11:18,2018/6/22 19:32,2018/7/19 0:00
4b156097ed5516456bec1b582279acf8,98c7df0a28c0bdabac4c8b71bad62bbb,delivered,2018-05-26 11:44:00,2018/5/26 12:18,2018/5/29 13:23,2018/6/11 20:05,2018/7/16 0:00
46da9ca70ba869541332f73b43acad1e,2ad313a8287a197d9b303c380a6981db,delivered,2018-05-26 12:16:00,2018/5/29 3:15,2018/5/29 14:08,2018/6/2 16:32,2018/6/20 0:00
74d57affde20203d533384dafa37f324,52f02704d86432ee5cc102081bd388dc,delivered,2018-05-26 11:33:00,2018/5/26 11:50,2018/5/30 14:59,2018/6/4 15:28,2018/6/20 0:00
2d39684ee5837bfee04f0cf2c8eadde5,10ed82c17d5e644388fa717721d20ac6,delivered,2018-05-26 11:51:00,2018/5/27 11:50,2018/5/28 14:07,2018/6/8 14:18,2018/7/4 0:00
e08b081159a2418572e1a0fad41c8245,eac29434733abc9afe8ca9630626994b,delivered,2018-05-26 21:25:00,2018/5/26 21:38,2018/5/29 8:13,2018/6/6 23:42,2018/7/12 0:00
7ae97f48d1e1624e8baae4a3faee4837,47046a7bf901f66a12fa296a5982f5ad,delivered,2018-05-26 19:31:00,2018/5/26 19:49,2018/6/13 12:19,2018/6/21 17:36,2018/7/13 0:00
8d13ee60237028c737907273f16eda59,e6499695100f00ee9c22a33f8f94b9c4,delivered,2018-05-26 14:29:00,2018/5/27 14:30,2018/5/28 12:32,2018/6/6 15:28,2018/6/29 0:00
d80bc8900db383324d145cfb1c1aa854,1de6c6c911ceda2be652cd0db03d930e,delivered,2018-05-26 07:48:00,2018/5/26 8:19,2018/5/29 14:10,2018/6/7 18:51,2018/7/4 0:00
167a89d17687b40764e54424ec1f9afd,d7c23f3d2589891ae50aae3af800311b,delivered,2018-05-26 11:42:00,2018/5/26 11:50,2018/5/28 13:00,2018/6/15 16:35,2018/7/11 0:00
9e488299fb7e4dc6869975e2b3e9302a,d3c91b5f5fcf34f79c9f33ace68885ec,delivered,2018-05-26 12:58:00,2018/5/29 3:31,2018/5/29 13:55,2018/6/5 0:06,2018/6/20 0:00
0edefae02733735c88d242ce6b781802,d3ab89d9a1a9f356e6da0f519d0bf68e,delivered,2018-05-26 09:29:00,2018/5/26 9:50,2018/5/28 14:08,2018/6/6 20:46,2018/6/28 0:00
86501b9ee48e914f406cd33ddf6f77fb,824422e62602d2ed7c09adc7c877fa70,delivered,2018-05-26 15:20:00,2018/5/26 15:38,2018/5/29 8:26,2018/6/1 23:28,2018/7/3 0:00
d7c663de1470a2d3671791d3f093991c,9d5649c260bd257ab401500072c4eb2c,delivered,2018-05-26 18:25:00,2018/5/26 18:35,2018/5/28 13:37,2018/5/30 17:42,2018/6/28 0:00
be27ab7c550fcd6a7988396258c309f7,8395969c05c3191c6c0af2619e7a59c5,delivered,2018-05-26 12:31:00,2018/5/26 12:58,2018/5/28 15:55,2018/6/2 13:40,2018/6/28 0:00
d3a304fb1d9ad51a7a3b9d23e7d82bbf,07bfe0aec1af7b20ba9de14bca33b0f9,delivered,2018-05-26 13:08:00,2018/5/29 3:54,2018/5/30 14:00,2018/6/1 15:12,2018/6/14 0:00
6206eea10c401d9257092927e5b66deb,1c7e5b9a91a01eef9a4a9c64fe4ac441,delivered,2018-05-26 22:02:00,2018/5/26 22:17,2018/5/28 13:38,2018/6/4 17:22,2018/7/4 0:00
c9c2db5b32175fba946f9600ff4a9bc3,8911ea3cf270e1abec0da8488ace069e,delivered,2018-05-26 13:12:00,2018/5/26 13:38,2018/5/30 7:11,2018/6/13 19:18,2018/7/4 0:00
1c08a89405de0c81093b9eff6caf3dbf,5e0871625e4eb77e78357ca04985e135,delivered,2018-05-26 20:09:00,2018/5/26 20:29,2018/5/30 8:30,2018/6/5 0:07,2018/6/20 0:00
765f62aa9ec878cf62b1533261ae8e87,68d430cabd68310e0732347be5e9be22,delivered,2018-05-26 08:58:00,2018/5/26 9:15,2018/5/28 13:19,2018/6/11 17:52,2018/6/29 0:00
a2de6d09e4920c38cfd65f4c8f875fbb,cb95eb60ba3fcca766af7a54daf3657e,delivered,2018-05-26 16:54:00,2018/5/26 17:09,2018/6/1 13:23,2018/6/8 16:28,2018/6/28 0:00
c421fd33bf5d9c343f13b2d31e19bf5c,79101712eda4b5d48da47568e1720514,delivered,2018-05-26 15:04:00,2018/5/26 15:15,2018/5/29 13:44,2018/6/15 0:14,2018/7/3 0:00
73c2f6a3fe158985da4f15118a77783a,d9256d7e870dacf770ddfd2d6ec2b8df,delivered,2018-05-26 19:19:00,2018/5/26 19:38,2018/5/29 16:08,2018/6/7 18:46,2018/7/11 0:00
ce0fc5f1ff91f6aaf5eae637a2827b2e,d15532989a114df3c8065dd8e9eaf49b,delivered,2018-05-26 18:51:00,2018/5/26 19:10,2018/6/5 14:18,2018/6/11 14:36,2018/6/28 0:00
c9ecb640dff0357ce506afbcb9dcb76b,0794e4b99fb7375f4189f2f9d1b4c027,delivered,2018-05-26 00:50:00,2018/5/26 1:11,2018/5/30 12:07,2018/6/12 17:46,2018/7/18 0:00
07860da7c16265a28de8c2b2e9f4552b,e3d1323beac42a0618db14537566ade0,delivered,2018-05-26 10:54:00,2018/5/26 11:10,2018/5/28 10:06,2018/6/13 16:38,2018/7/5 0:00
57796a616d95192ef9a47a6634733f89,6822dd282ac1554e7bcc5e1755465ce6,delivered,2018-05-26 19:30:00,2018/5/26 19:49,2018/5/28 13:27,2018/6/12 19:52,2018/7/5 0:00
f037570b9dc59fcdd25a6d3e87135ce4,fc1533d533d97f6b04f4eefcbc1868b5,delivered,2018-05-26 00:34:00,2018/5/26 8:35,2018/5/28 14:08,2018/6/7 20:12,2018/6/28 0:00
ad5bf590212b05339591fac819fec669,61c40fbd64ecfee5270d6f9f2202c484,delivered,2018-05-26 11:41:00,2018/5/26 11:55,2018/5/28 13:27,2018/6/4 20:11,2018/6/28 0:00
6add4f25c1ffe76a240131e1e2158b1a,106a04e2dd5442bf459d06af3d28c625,delivered,2018-05-26 13:12:00,2018/5/26 13:38,2018/5/28 15:55,2018/6/9 15:51,2018/7/11 0:00
a4c753e682af75ae3bfafe65f6133f2c,3a5e10ad0ad52a6507a0431bc4b4e717,delivered,2018-05-26 20:09:00,2018/5/26 20:29,2018/5/28 13:33,2018/6/3 16:32,2018/6/29 0:00
aa5d6c8f531d300ba705fa1f78e02a9c,c0654c567bb1c55fb860c16d8fbcbbb3,delivered,2018-05-26 13:30:00,2018/5/26 13:50,2018/5/28 14:01,2018/5/29 19:41,2018/6/20 0:00
208d2f562248053cf12d13a00b6777fb,4ba45af37882ae7e11e4d8715cf82ffe,delivered,2018-05-26 18:55:00,2018/5/26 19:10,2018/5/29 9:39,2018/7/10 23:41,2018/7/5 0:00
efc035fd1de66e8eba117b98ae0b1f7f,29583a7a872a08058879bfbf416409a8,delivered,2018-05-26 10:10:00,2018/5/26 10:30,2018/5/28 16:56,2018/6/27 11:13,2018/7/5 0:00
5e4ff61ebeaffec83fa558b5644145dd,6f2327b7feb466dcf1657ffa5e376ed0,delivered,2018-05-26 07:53:00,2018/5/26 8:19,2018/5/28 13:09,2018/6/12 11:43,2018/7/3 0:00
1a2582ca80feaaf937cc94d437ba1635,99efadd052716ca57a64a6287caca0eb,delivered,2018-05-26 07:45:00,2018/5/26 8:19,2018/5/28 13:19,2018/6/9 15:42,2018/7/16 0:00
59da0d6767ec282e26ad95f315276dbc,0c9c3baecd7d29ce00d0f64e0f92bef9,delivered,2018-05-26 09:47:00,2018/5/26 10:19,2018/5/28 12:28,2018/5/29 17:31,2018/6/21 0:00
e776adc60e8c76f0cd807332525d8cd1,6f998e4791812987e4aab0d0a8057ff3,delivered,2018-05-26 14:54:00,2018/5/26 15:11,2018/5/28 11:13,2018/6/15 16:41,2018/7/23 0:00
6d669b4dec428bc8362a8b39ed61aaae,3f3b4d8785d4f1fd6decff84c40b0436,delivered,2018-05-26 19:08:00,2018/5/26 19:38,2018/6/4 7:12,2018/6/5 22:04,2018/6/21 0:00
171fd36e6d28aaa958e043b897006f1d,24c3892d38633c05dd413388d7e453af,delivered,2018-05-26 16:26:00,2018/5/26 16:35,2018/5/28 14:50,2018/5/29 20:03,2018/6/20 0:00
f3863782b51a1c378f36a99845aacbe7,6416212b1f807629ba0f313580525565,delivered,2018-05-26 16:46:00,2018/5/26 17:09,2018/5/29 14:04,2018/6/8 21:33,2018/7/4 0:00
507f10036261cb4c3ab736a68441d6a1,4ebc3f79abbd69a723c0073dcf6559e4,delivered,2018-05-26 13:28:00,2018/5/29 3:31,2018/5/30 10:50,2018/6/4 17:26,2018/6/20 0:00
7733c820d89f9e24a262e8fc309a3533,8c1ea083db58ab44e1e4912aee4bbcf8,delivered,2018-05-26 23:26:00,2018/5/26 23:38,2018/5/28 14:10,2018/6/7 21:18,2018/7/4 0:00
4553e6bea248714596b270fa8e67e0a0,5478040f977215fe64805033d2e8612a,delivered,2018-05-26 13:17:00,2018/5/26 13:38,2018/6/2 8:57,2018/6/8 22:06,2018/6/29 0:00
ec1fc57b72a7bbe5b32f9c606510db76,559f9d302aa523b2dd718e956f248db5,delivered,2018-05-27 17:59:00,2018/5/27 18:14,2018/6/6 16:10,2018/6/12 20:48,2018/7/3 0:00
3cdd33ec05cf28374828827789437fc3,d25c28e2e418a2f688e8e17130b29b49,delivered,2018-05-27 03:04:00,2018/5/27 3:15,2018/5/28 14:08,2018/6/20 17:05,2018/6/28 0:00
7c7dc1f3affc0d38b97ea22a8aeedb82,1fc29088df4d8add848a6b7304f7a9e0,delivered,2018-05-27 13:02:00,2018/5/27 13:15,2018/5/29 11:32,2018/6/9 14:32,2018/6/29 0:00
649aa4ae69d60a0b65b5270e737081be,cc268320e77ed6ba7be0107cc7ad1b8f,delivered,2018-05-27 18:21:00,2018/5/29 3:35,2018/5/29 14:04,2018/6/18 23:44,2018/7/5 0:00
bee8e1ed5119e2f2a4bfb408ab6ab177,95702279f83f435c44baffc96007cfea,delivered,2018-05-27 22:26:00,2018/5/27 22:55,2018/5/28 13:56,2018/6/11 17:12,2018/6/28 0:00
36fb716af0b33abaac585787ccd0c0af,589b394c269c9debfc7c47e5ed514dc9,delivered,2018-05-27 12:20:00,2018/5/27 12:35,2018/6/2 9:05,2018/6/6 23:42,2018/6/20 0:00
a75f9d41f99d675f35ab8b90b2dc9b2f,2299f339f282db1423e54ad4155e00e3,delivered,2018-05-27 20:45:00,2018/5/27 20:55,2018/5/29 13:28,2018/6/14 14:51,2018/7/16 0:00
dcb0beba69129b3cb15757a33bc9dce9,813e3fa26f6fe35d81bdc9fa82c0111a,delivered,2018-05-27 07:45:00,2018/5/27 7:55,2018/6/8 13:45,2018/6/11 19:38,2018/6/20 0:00
101d0c9df867a5f28ff3af69bb2a13d7,a710d6093cd4fcc25118db94fca740f2,delivered,2018-05-27 11:00:00,2018/5/27 11:36,2018/5/28 13:50,2018/5/30 15:48,2018/6/20 0:00
47cb4463bc05e404b98e743111a61378,a736f51ad0f016c8bdaacb9f62024424,delivered,2018-05-27 18:02:00,2018/5/27 18:15,2018/5/28 15:16,2018/6/11 19:31,2018/7/16 0:00
cf5fbcc5962bb18037e4cc158c21c14e,b9740782710922e68364fcefd21c5646,delivered,2018-05-27 12:31:00,2018/5/28 7:15,2018/5/30 11:47,2018/6/13 20:17,2018/7/11 0:00
a07190c439d2e3c83b6a6952ae53ce6e,9d861a511b20ac6c0e95d9683fd6a657,delivered,2018-05-27 15:23:00,2018/5/27 15:35,2018/6/4 13:36,2018/6/9 14:13,2018/7/16 0:00
9f0b93157ce9331253cad4298ce6af61,31d5d04d4657892a68bc9f5deff51709,delivered,2018-05-27 15:26:00,2018/5/29 3:31,2018/6/5 15:05,2018/6/8 15:43,2018/7/5 0:00
211635839640ec89714ed4410c5d9eea,39ea5fecfa8dd33f8dc7abb45fb29d82,delivered,2018-05-27 16:00:00,2018/5/27 16:15,2018/6/4 13:45,2018/6/5 18:28,2018/6/20 0:00
a44e2259c6908814d76871d497766ae9,e93078b6816a4bf9e651abd16a29f9d0,delivered,2018-05-27 13:47:00,2018/5/28 13:54,2018/6/1 13:25,2018/6/13 19:41,2018/7/3 0:00
660a6fbde01967fda369dc69c3d4b50a,5f15513fd19ab7f204e5f6b75375212b,delivered,2018-05-27 13:49:00,2018/5/29 3:31,2018/5/29 13:43,2018/6/8 13:36,2018/7/12 0:00
95087a791500e383c039460bbd6bcb57,5b98547ccd0950675ef6b0a4f5a928ec,delivered,2018-05-27 20:41:00,2018/5/27 20:54,2018/6/1 13:25,2018/6/6 23:06,2018/6/28 0:00
9d107f7c71a717cfcccc479c9e300302,ab23bc8d29aaf7a3978d8e819817575b,delivered,2018-05-27 18:27:00,2018/5/27 18:54,2018/5/28 9:29,2018/6/6 14:38,2018/6/28 0:00
60836a0b2a1b5051e61371cf04a16574,6b49f46fe51b14c54872f603facd73a3,delivered,2018-05-27 21:34:00,2018/5/27 21:51,2018/5/29 9:51,2018/6/5 14:58,2018/6/28 0:00
d14ebe879e1587746439c3652f063eb4,9155e5f5cd64439dedad8c8fe39261e8,delivered,2018-05-27 13:07:00,2018/5/27 13:36,2018/5/28 14:40,2018/6/7 11:46,2018/7/13 0:00
b0247f256d2486d4cb5f3bf93dd84eb4,30c6c7a5f5570eea755284d1775568b8,delivered,2018-05-27 16:42:00,2018/5/29 3:14,2018/6/8 10:24,2018/6/20 13:28,2018/7/26 0:00
f526502583165bcf37f59cb5092ba1e7,c3fa66cf6941f5323971a4c3db4029ff,delivered,2018-05-27 15:04:00,2018/5/27 15:15,2018/5/29 8:07,2018/6/7 13:50,2018/6/29 0:00
9ba0165adc8f80295e82cb5418788889,ca0cbc348ce930d599f8dabcb7436bff,delivered,2018-05-27 09:34:00,2018/5/27 9:50,2018/5/28 16:16,2018/5/30 16:18,2018/6/21 0:00
24d505034382a8c43dd5524e1b4eb3fe,2572738e77279aaac9c5c15620166859,delivered,2018-05-27 11:07:00,2018/5/27 11:36,2018/5/30 14:41,2018/6/8 17:44,2018/7/4 0:00
bb4648eb654b7296660ddcbc2ac64c0f,3436830523f11956f158565d582de289,delivered,2018-05-27 15:56:00,2018/5/28 15:56,2018/6/6 8:20,2018/6/20 18:18,2018/7/5 0:00
2adb2f19ddcdf638f5c1284f84e4fe18,bb3b8ba65c06bcbe68a062e28fa27adf,delivered,2018-05-27 19:13:00,2018/5/27 19:35,2018/6/4 15:38,2018/6/5 20:05,2018/6/20 0:00
91a96b5defab51616ef57e6b57d47969,c5e12d2d7ee8c109332c67b445d5b32e,delivered,2018-05-27 14:59:00,2018/5/27 15:15,2018/5/28 14:15,2018/6/11 21:32,2018/7/3 0:00
ba01067136771e2103d611dc1d74d709,64c26ea8310a299e2d0785aa77ee1ca0,delivered,2018-05-27 17:42:00,2018/5/27 17:55,2018/5/29 14:04,2018/6/4 17:06,2018/6/29 0:00
a38fda8c7745d9c406a48daf230f957a,d815502657bd93cb52c48c3df5fdc0bb,delivered,2018-05-27 19:47:00,2018/5/27 20:14,2018/5/28 12:44,2018/6/8 15:02,2018/7/3 0:00
019543c0de8386be97738b589ee695aa,ee78e2394f33a3bf7e81e1ba6192863e,delivered,2018-05-27 17:10:00,2018/5/27 17:34,2018/5/28 14:30,2018/5/29 19:27,2018/6/20 0:00
1570fe1d14badec761d75ca93916bd6a,ed064a574e08a0062cf08d485375c9d0,delivered,2018-05-27 18:26:00,2018/5/27 18:54,2018/5/28 15:55,2018/6/7 18:08,2018/7/11 0:00
e2ec0a81f014ff5006648b818c33219c,9920c66af298e7dc6997930aae31f1cd,delivered,2018-05-27 13:34:00,2018/5/27 13:49,2018/5/28 13:34,2018/6/14 17:32,2018/7/18 0:00
25f3f0ae63b48a081e219325f1d4df84,bbb555d3e572820b99a0469b147228b5,delivered,2018-05-27 21:35:00,2018/5/27 21:51,2018/5/29 11:20,2018/6/13 18:32,2018/7/13 0:00
d80acd042318a15fe9be8faa8ee23d06,d55e59cb88c71f59123ab5ae3656f185,delivered,2018-05-27 11:44:00,2018/5/27 11:55,2018/5/28 13:19,2018/6/8 14:33,2018/7/11 0:00
808beec7603db80bc6a975bc9f509814,29cf3c28e1ecbd9ef408aea337cc344d,delivered,2018-05-27 19:17:00,2018/5/27 19:35,2018/5/28 14:02,2018/6/19 22:08,2018/7/13 0:00
5919e9d15d8693529eecf3b5fcdc7327,2adcd0cb75d5ed29a3358dc2c56e6d12,delivered,2018-05-27 11:55:00,2018/5/27 12:16,2018/6/4 7:12,2018/6/12 23:44,2018/7/13 0:00
742d862c30615984a57a26626cd1b40f,55a054548002d8141917bd00ed88d9a7,delivered,2018-05-27 15:57:00,2018/5/27 16:15,2018/5/28 16:56,2018/6/8 1:32,2018/6/28 0:00
2d46df0a9debda5d4ca0d1f8058bf73a,53e93728c3003229b2efdecdc2a807b4,delivered,2018-05-27 17:11:00,2018/5/27 17:34,2018/5/28 15:26,2018/5/29 18:08,2018/6/28 0:00
d2ddc09916a8bcc31353edfe699da8e8,32582badf7289d3987a2899e0825a870,delivered,2018-05-27 10:59:00,2018/5/28 10:55,2018/6/4 7:08,2018/6/8 20:16,2018/6/29 0:00
f1487beee9bcc5d6921a3e5ddcb63623,1f96d58caf84db1f8af2eac92a2e2968,delivered,2018-05-27 16:40:00,2018/5/28 16:51,2018/5/29 14:04,2018/6/1 14:28,2018/6/21 0:00
099a55045696dde09f58f62e8e82a542,66358fc9282c24ef2163204d1803774a,delivered,2018-05-27 18:29:00,2018/5/27 18:55,2018/5/28 13:06,2018/6/13 14:58,2018/7/12 0:00
d0cae991bbc57c3c2205b0076b2d1489,73c101d5854e1ac89458e8865c0ea516,delivered,2018-05-27 21:44:00,2018/5/29 3:31,2018/5/29 12:10,2018/5/30 22:51,2018/6/20 0:00
99a01ac9c1c718ea6eac9fac178552cc,f68e63b07912415b2ad2a25243bdcda8,delivered,2018-05-27 20:28:00,2018/5/29 3:31,2018/5/29 12:10,2018/6/1 20:16,2018/6/20 0:00
928b36b446783bb571df5c8c3eb239d0,eb6a209f020e7726b2cf6d4e22c468de,delivered,2018-05-27 20:37:00,2018/5/27 20:54,2018/5/28 13:18,2018/6/7 18:34,2018/6/28 0:00
115ddcd2b83359bb06dd6dde700fb33d,2637273adde13fa6a555c43b4fbdba6e,delivered,2018-05-27 22:49:00,2018/5/27 23:09,2018/5/28 14:10,2018/6/14 19:51,2018/7/11 0:00
3cba3b35a00b76f3a83d1cd84bd9becd,b7b255502cbde4a1c941961626e4431b,delivered,2018-05-27 23:24:00,2018/5/27 23:49,2018/5/29 13:49,2018/6/7 20:58,2018/7/18 0:00
2bbf04c7da16334276d95e3f4b7b938d,6929bf13d69a3e1100ca056efd8c2c40,delivered,2018-05-27 20:49:00,2018/5/27 21:11,2018/5/28 14:28,2018/6/5 16:04,2018/6/26 0:00
393e94e2f17c63ed71d08a663a06e9fd,b4e1fe74fa0bf95bdd28ae1b5a9c0d95,delivered,2018-05-27 12:12:00,2018/5/27 12:29,2018/5/28 15:13,2018/6/1 13:42,2018/7/4 0:00
74f1a239af663d84eff6f108b68386c6,14ef2be9e656abe8c28f416025221fb5,delivered,2018-05-27 12:30:00,2018/5/27 12:55,2018/5/29 12:18,2018/6/19 23:18,2018/7/13 0:00
de9b643d6a5e2c0aebb7526ffae6ae87,90bdca238ab39f1c20beebb44823f09a,delivered,2018-05-27 15:19:00,2018/5/27 15:35,2018/5/29 7:30,2018/6/8 17:11,2018/6/13 0:00
7b3950b933fe73d96ce4359a1caf38ea,b5a6dbf7832c882c72222308a2ae44d9,delivered,2018-05-27 22:13:00,2018/5/28 8:30,2018/5/29 10:57,2018/6/4 23:32,2018/7/18 0:00
a21373b020b3665e910d3da0ca078094,b1cb221fb99089990e6751b79f201a23,delivered,2018-05-27 16:42:00,2018/5/27 16:55,2018/5/30 7:59,2018/6/4 16:43,2018/6/28 0:00
28ba5952fc9baba1dc6797734ca82680,b4486d6bad6090e04d0f13164eb03557,delivered,2018-05-27 17:10:00,2018/5/29 3:14,2018/5/29 8:43,2018/6/5 16:28,2018/7/11 0:00
8d6f247153477b8878975aa0fbde4b5a,2394d012a2494af9af1071537d9b3278,delivered,2018-05-27 00:47:00,2018/5/27 1:11,2018/5/30 13:44,2018/6/5 1:11,2018/7/12 0:00
d0e60fe0d150be98baa246426889d6cb,55311e340fbb8c4620330ff5a576f179,delivered,2018-05-27 13:23:00,2018/5/27 13:49,2018/5/28 14:03,2018/6/7 23:10,2018/7/18 0:00
8b24ac1b82b802b6b9ea3c31435a91ac,fd9e470681250f6e4f164ca3ea31157e,delivered,2018-05-27 16:27:00,2018/5/27 16:55,2018/5/28 13:42,2018/6/11 14:48,2018/7/23 0:00
961f692ce5a2ba7cc51c00f59ea72d5f,40b021c327c38680d5256cd686164a87,delivered,2018-05-27 14:56:00,2018/5/27 15:11,2018/5/28 10:42,2018/6/5 0:23,2018/7/18 0:00
09d8a4bcd943fd4bfc7dd6b64b7c328e,a63cd43af25d2eaacd280e01a4eb2f6d,delivered,2018-05-27 09:24:00,2018/5/27 9:50,2018/5/28 14:08,2018/6/12 20:19,2018/7/3 0:00
bb54e9bf4bdb6c6391a7c6b517748b9f,84e28130ed1fa8558f3fc843d9a906e7,delivered,2018-05-27 11:41:00,2018/5/27 11:50,2018/6/1 15:13,2018/6/26 18:04,2018/7/4 0:00
70102042893558dbf834b15a4b4fcbcb,7397ea54948b521f7b64b333fe2558b2,delivered,2018-05-27 11:13:00,2018/5/27 11:36,2018/5/30 13:59,2018/6/25 16:32,2018/7/24 0:00
3cd74c600666380ec586606e62f1d20d,581bfa7dba0e2af6de4773278a40f128,delivered,2018-05-27 21:42:00,2018/5/28 21:55,2018/6/8 13:43,2018/6/12 17:58,2018/7/12 0:00
4128f35defa24e9fb110452626b9b824,30341ccc91cf843ad30d898968a1905a,delivered,2018-05-27 09:00:00,2018/5/27 9:15,2018/5/28 13:16,2018/6/4 16:58,2018/6/28 0:00
1ac7f4db91b508245c27b68092a2d401,adc9db4fc4f60b344847267dc51e7068,delivered,2018-05-27 18:33:00,2018/5/29 3:35,2018/6/5 12:08,2018/6/22 14:56,2018/6/25 0:00
6dbbe1fc68ddafdaa158c5ad25ddef2e,b91007c2341381d46400986511527c1f,delivered,2018-05-27 18:35:00,2018/5/27 18:55,2018/5/30 11:51,2018/6/1 13:13,2018/6/20 0:00
2061d416cce74e744423747a2b87f330,cb8ca0a09824115249e1a28fd6028751,delivered,2018-05-27 19:01:00,2018/5/27 19:15,2018/5/28 11:35,2018/6/12 17:50,2018/7/4 0:00
fceffa5aa5435f18bb997278808e5915,2302f96d8d2dae4878949f1ec805dbf3,delivered,2018-05-27 13:06:00,2018/5/27 13:36,2018/5/29 16:08,2018/6/2 16:38,2018/7/4 0:00
44809c64bc4e272b0ffd44dcaa3beb8c,0ad5196ae2834fffcb35daba2d3304ba,delivered,2018-05-27 14:58:00,2018/5/27 16:15,2018/5/28 15:38,2018/6/11 19:20,2018/7/11 0:00
889d938cda41ef5efe5e59f2d72506ca,a82cf4c2ad9b46f2272edf04fcc4a861,delivered,2018-05-27 23:03:00,2018/5/28 22:55,2018/5/29 13:30,2018/7/12 9:48,2018/7/20 0:00
3a83f1410163fa52e0679c788b31a039,8769df0587f504c9408b3d1a15fddbc1,delivered,2018-05-27 14:07:00,2018/5/27 14:30,2018/5/28 13:59,2018/5/29 11:08,2018/6/20 0:00
04c28d1572e04b2b3e5b80ca7559e750,ad72f2a64075d63311e1bf4daf91e173,delivered,2018-05-27 23:56:00,2018/5/28 0:15,2018/5/28 15:46,2018/6/20 20:44,2018/7/19 0:00
fc8e9d7ad7a42cc52cd8438eaf428ed3,ea3c63f62f763a92b935e9ce73ea5d58,delivered,2018-05-27 09:16:00,2018/5/27 10:07,2018/5/29 14:08,2018/6/6 18:18,2018/6/29 0:00
74fcadc7525caabfaf228fbe8ab6d129,07eb2651119fce5364e9af667f651153,delivered,2018-05-27 15:27:00,2018/5/28 15:32,2018/5/30 13:12,2018/6/4 15:02,2018/6/20 0:00
e7b5bbd928c9dcaa3466502cd99b4907,d0019ad7e1264a69c1120123e9f3feef,delivered,2018-05-27 20:13:00,2018/5/27 20:31,2018/5/29 8:48,2018/6/22 22:20,2018/7/3 0:00
1c3680cf7c64b8f0419ae839d0a44db6,540c737fc18060325ed168d358bb824d,delivered,2018-05-27 12:07:00,2018/5/27 12:17,2018/5/28 13:58,2018/5/29 17:32,2018/6/20 0:00
a802ae0c41c749a4a9acbe8052f23105,6ebdf3a14409c4c45ec71c99087864c4,delivered,2018-05-27 13:37:00,2018/5/27 13:50,2018/5/29 5:54,2018/6/6 17:46,2018/6/28 0:00
e1ebf9d9fbf1f356179a8f969dc8c4c5,ec8ccb40a803b77a809f6b32b2af4cec,delivered,2018-05-27 17:14:00,2018/5/27 17:34,2018/5/28 12:25,2018/6/6 1:32,2018/7/18 0:00
fc699344c004d1635c1e3a27f707c8b6,c552b308fd0baf657702d0eba4ee3b65,delivered,2018-05-27 23:03:00,2018/5/27 23:15,2018/5/29 13:47,2018/6/8 17:18,2018/6/28 0:00
4f2d72bec3f76b37047967ded26335f2,7e501124aeeefcd0be137fd8fad250e9,delivered,2018-05-27 21:44:00,2018/5/27 21:55,2018/5/28 14:47,2018/6/26 17:35,2018/7/13 0:00
62b3fdb5d9d02edf8ba0cc44095b8c9d,51a3f6ca37ce15e0d719bb118ee10c96,delivered,2018-05-27 08:57:00,2018/5/27 9:10,2018/5/29 10:55,2018/6/12 21:47,2018/7/11 0:00
b81b7bbd880517f099a053130e75d933,95ac7eec6a3ece1a7afc792575d0482f,delivered,2018-05-27 14:04:00,2018/5/27 14:16,2018/5/29 16:21,2018/6/5 16:46,2018/7/11 0:00
e8bbe1e50121557f66b60660a6b62289,450a256c32a90629c3d89c1f38f5cf32,delivered,2018-05-27 18:14:00,2018/5/29 3:35,2018/5/29 13:29,2018/6/22 13:58,2018/7/12 0:00
d5b1560bb46f4b57510a45569fa41b4c,8c053663094bd001fff3536d10dd092a,delivered,2018-05-27 08:07:00,2018/5/27 8:30,2018/6/1 14:40,2018/6/8 16:28,2018/7/18 0:00
baeda1a6ab86cb05572b31817ab4e413,dc545d1bf1d2ad26b5cc1c9eb612e6b7,delivered,2018-05-27 20:33:00,2018/5/29 3:14,2018/6/7 14:04,2018/6/19 11:58,2018/7/11 0:00
7e674200831cc38f43106d153aa17d7c,aa4b53b674e3a59192b63f78441760e8,delivered,2018-05-27 17:22:00,2018/5/27 17:35,2018/5/30 6:16,2018/6/15 17:22,2018/6/29 0:00
8c220191863704ecc09c293c1d723797,32c08ef292e0052b476b1fb965873759,delivered,2018-05-27 19:10:00,2018/5/27 19:35,2018/5/30 13:29,2018/6/4 20:07,2018/7/3 0:00
9b154f568f003a7bb924121e0f6bec40,8ccafc03ea8240cdbb0e0ad195be5411,delivered,2018-05-27 18:47:00,2018/5/27 18:55,2018/5/28 10:01,2018/6/14 16:52,2018/6/29 0:00
4e3b98e5d43c106c546ac2dac4ea5db6,697a4f507f70615d3dd62d8326debbcd,delivered,2018-05-27 14:54:00,2018/5/27 15:11,2018/5/28 14:39,2018/6/6 16:42,2018/7/4 0:00
38df34f6963826eaf92a536dff64393a,29c04628dbc04fa96b97d33891cc3597,delivered,2018-05-27 00:31:00,2018/5/27 1:02,2018/5/29 13:35,2018/5/30 22:51,2018/6/20 0:00
8870e37cd5b4a6ff4b0b3c2a02e471ae,ee33563aa0224664c80c9322ffa26968,delivered,2018-05-27 17:54:00,2018/5/29 3:31,2018/5/30 9:43,2018/6/6 22:52,2018/6/28 0:00
4bacb60c9bdaab084b0354a3f7063af4,b951c315005eb420b99687b9b0eec54a,delivered,2018-05-27 21:12:00,2018/5/27 21:34,2018/5/28 11:35,2018/6/13 16:56,2018/7/16 0:00
41656e5eacc8e9cc1efe1609ea2eb0ba,59bb5484a2585a90377524f59eda659c,delivered,2018-05-27 18:11:00,2018/5/27 18:32,2018/5/28 15:55,2018/6/15 17:42,2018/7/12 0:00
468be8d69d6a7ae5dffc7d6c694370f0,ccd98f8b088a12d741c792397fab80a0,delivered,2018-05-27 17:29:00,2018/5/27 17:51,2018/5/29 13:57,2018/5/30 18:18,2018/6/13 0:00
037f15d346c870059c0e6f4275a01206,44b387496ce8c6654019503566f11029,delivered,2018-05-27 10:25:00,2018/5/27 10:35,2018/5/29 15:13,2018/6/8 18:41,2018/6/28 0:00
9fae636d2c51d2a8feb6734c92aa131f,f247dc9ed6536f4ecd067e8403beea4b,delivered,2018-05-27 23:50:00,2018/5/28 0:56,2018/5/28 14:09,2018/6/13 2:26,2018/6/29 0:00
3a32345081c149e0850db894cf22dc03,a84e3e2982cc260a829dcf2a30908936,delivered,2018-05-27 19:06:00,2018/5/27 19:15,2018/5/28 15:16,2018/6/4 23:38,2018/7/3 0:00
73b83fe6a84d80f819839c0f93413771,f94b96a35f591b64bb724774dc3754b6,delivered,2018-05-27 22:21:00,2018/5/28 22:15,2018/5/29 12:04,2018/6/11 17:22,2018/7/4 0:00
a1a11a4a2c9a4745ef09bc18e053b51a,797472460f0cedec7cf30016d1304f63,delivered,2018-05-27 16:26:00,2018/5/28 16:35,2018/5/29 14:24,2018/6/8 18:07,2018/6/21 0:00
f2dd7ec887233f5e7d50f80b813d4c2a,27906336f91e1856dad3519e74169a28,delivered,2018-05-27 16:54:00,2018/5/27 17:11,2018/5/28 14:08,2018/6/8 18:52,2018/6/28 0:00
246a0dd11a624cd29b8c5dc2e56fa1dc,9e0d161e44c6199cc00168f41060be14,delivered,2018-05-27 12:07:00,2018/5/27 12:29,2018/5/28 13:58,2018/6/8 15:07,2018/7/4 0:00
48340ddd156767e80ea7a05abc8a0af4,28689e72c53169610a3d6f96d729b4bd,delivered,2018-05-27 12:30:00,2018/5/27 12:55,2018/5/29 14:38,2018/6/15 14:36,2018/7/23 0:00
492bed007520827cbed51959e4ce4385,ba5166acad480f24f1633e1b8ce21741,delivered,2018-05-28 12:53:00,2018/5/28 13:14,2018/6/5 15:02,2018/6/14 14:51,2018/7/11 0:00
4f38a875c972c4803a792f62b999b4cd,00f73459a4d3be97ff307dc869da0aa9,delivered,2018-05-28 10:31:00,2018/5/28 10:53,2018/5/29 15:41,2018/6/7 12:21,2018/6/28 0:00
e63271442e778d83ae9868408c1028e7,fce8eb224fb44bca516d50d140e88ca0,delivered,2018-05-28 17:05:00,2018/5/28 17:16,2018/6/6 8:20,2018/6/27 15:18,2018/7/11 0:00
03a54d3b0f15ac01bad656997420d3bb,574478d054c2bae93a3c66c8a32f4fd5,delivered,2018-05-28 19:15:00,2018/5/30 2:32,2018/5/30 13:50,2018/6/6 19:14,2018/6/26 0:00
1422a4b4a2aa8b66fd49ff5557200b42,4b24f5ef0c134fe4d56bb392b3397dcd,delivered,2018-05-28 14:18:00,2018/5/28 14:35,2018/5/29 12:04,2018/6/4 16:03,2018/6/29 0:00
72b02234375680d174bc9fecfb0fd9fe,3c97c51a472647f2bbee4b45c1e6c761,delivered,2018-05-28 16:15:00,2018/5/29 16:12,2018/5/30 11:06,2018/6/2 12:24,2018/6/20 0:00
dcd9141cf681c0a831e8988b32156d3c,7558e6beb7efdd069ac43b97f4f8e67d,delivered,2018-05-28 11:35:00,2018/5/28 11:54,2018/5/28 14:09,2018/6/8 18:20,2018/7/3 0:00
02d273267575a29864f552b2de598580,fb6895f16f2b933e56af615dbcecf0aa,delivered,2018-05-28 17:31:00,2018/5/28 17:55,2018/5/30 7:59,2018/6/13 15:04,2018/6/29 0:00
2f9e3156d784ec07c5e1b8075263562f,4fafc71715e80054ae90f1b3eb0a9110,delivered,2018-05-28 10:40:00,2018/5/30 2:31,2018/5/30 14:11,2018/6/18 16:08,2018/7/4 0:00
811c07cfc688fdcbdc6802617db18822,f96d2f985715f67004e13c4a5f126ad1,delivered,2018-05-28 11:14:00,2018/5/28 11:33,2018/5/28 13:58,2018/6/11 19:05,2018/7/4 0:00
5dd21baa3b88bf3e97bcc80aa1b0b52a,a96336755f2a6f45496391ac601274fc,delivered,2018-05-28 09:07:00,2018/5/28 10:04,2018/5/29 14:11,2018/6/5 17:54,2018/7/4 0:00
c54d822dcfd0f7c672574a607c9403b3,9c55979e022c8dc16611eed6a1c61a97,delivered,2018-05-28 10:48:00,2018/5/28 11:13,2018/5/28 11:59,2018/6/5 1:22,2018/6/28 0:00
f6c8d57f0ca0ee7b2f2fd5d967ce4b4f,22cb1d75b185fb6f9b9c74e1033d4c87,delivered,2018-05-28 10:40:00,2018/5/30 2:32,2018/5/30 15:05,2018/6/4 12:09,2018/6/21 0:00
f46fb218fda36639dc39aa3025679a2b,4f1499a33d2d5ae89e66928df783e7ae,delivered,2018-05-28 20:40:00,2018/5/28 20:50,2018/5/29 14:11,2018/6/1 19:42,2018/6/29 0:00
bbff6155059675574b04a09d10cbb76c,919f7e4b0905fe7efc81ebe88359031c,delivered,2018-05-28 22:31:00,2018/5/28 22:50,2018/5/29 13:44,2018/6/15 17:03,2018/7/16 0:00
d2485e80a65cd94cd4a4755e0934bf47,74eeb796ef7b6f78ccfb0602376bc8d3,delivered,2018-05-28 14:37:00,2018/5/28 14:50,2018/5/29 14:22,2018/6/4 13:38,2018/6/20 0:00
c5f30bdd01bc931c09429dc3bba5ac58,ca6fe18d9474b6e6bd41278ca47b19cf,delivered,2018-05-28 21:38:00,2018/5/28 21:56,2018/5/30 6:37,2018/6/2 16:04,2018/6/13 0:00
e0e210a3f0dfc7642e0cbda856590eb3,6db0bd4890f3d24db9ce7db8c91db669,delivered,2018-05-28 16:30:00,2018/5/29 16:39,2018/6/7 12:55,2018/6/12 17:13,2018/7/5 0:00
788991fbee9d367d8b625d471c2d252f,3801c293e240318c5ad66216d15ffc58,delivered,2018-05-28 12:36:00,2018/5/29 3:31,2018/6/1 13:24,2018/6/15 9:34,2018/7/5 0:00
8ecf04501b91702b0c93522081cea66a,204db45b1be689b09c9e5c3a705f0409,delivered,2018-05-28 19:14:00,2018/5/28 19:30,2018/5/30 13:54,2018/6/8 22:26,2018/7/16 0:00
09c6ca023de352874ee4fda218d19a81,7d9da42e2199a286266a8084af43ba85,delivered,2018-05-28 21:25:00,2018/5/28 21:55,2018/5/29 12:21,2018/6/7 21:12,2018/6/29 0:00
455003334f4430e9e9e902199bcecbcb,5cde2eff682c0c9087ebd5d66e87d7b1,delivered,2018-05-28 14:17:00,2018/5/28 14:35,2018/6/4 18:11,2018/6/8 20:18,2018/6/28 0:00
97f0469c4d923101d383461947f575bd,8d0bff7849251c677974318829e488d2,delivered,2018-05-28 09:03:00,2018/5/28 9:15,2018/5/30 13:59,2018/6/8 18:38,2018/7/4 0:00
ca7e237e4817ee2e53f4e96da13dbf9a,22ae4a6295e60e8d01f407d37313f0c5,delivered,2018-05-28 19:00:00,2018/5/30 2:32,2018/5/30 10:24,2018/6/6 20:11,2018/7/4 0:00
7ffd48a27c90a946cfa8198b76a7120c,afbbb519a35f84ad208f8f04de698e41,delivered,2018-05-28 14:11:00,2018/5/28 14:35,2018/6/5 16:06,2018/6/22 15:51,2018/7/5 0:00
a88a97b1f64733fb73f753a519db23b9,5fe4c97f6eb784c0e89656abddca6865,delivered,2018-05-28 21:16:00,2018/5/29 12:50,2018/6/1 14:23,2018/6/27 20:50,2018/7/11 0:00
f33bb10a8083242acc69681587de119f,7f2c7852591133faac4da0fce82fb87d,delivered,2018-05-28 23:15:00,2018/5/28 23:29,2018/5/29 12:17,2018/6/4 17:34,2018/6/29 0:00
810a20b5d63b93c766be34093cf05187,952314d81832bec79f508e87223d4fc8,delivered,2018-05-28 13:57:00,2018/5/28 14:10,2018/5/29 10:12,2018/6/11 20:13,2018/6/29 0:00
101239b587ffbf256b1cf48485854842,0bbdbe9583119040379634b5ebf5a3f1,delivered,2018-05-28 11:13:00,2018/5/28 11:33,2018/6/6 15:03,2018/6/11 18:52,2018/7/5 0:00
a8a29ae9b3f2dc2e650dc520d7842041,ce0809a5eb4ada3a764f383e118c18a3,delivered,2018-05-28 19:57:00,2018/5/29 3:14,2018/6/1 8:29,2018/6/13 14:39,2018/7/16 0:00
e9de409fda259726830399eaf5fb4e42,0a2e34cd9906d1040ce291b056d90e4a,delivered,2018-05-28 13:52:00,2018/5/28 14:10,2018/5/28 14:02,2018/5/30 11:21,2018/6/21 0:00
b537ca3494311804a1191ad6a0dddf05,0a69b1982841326bf633a5073f8f4c00,delivered,2018-05-28 07:50:00,2018/5/28 8:15,2018/5/28 12:35,2018/6/5 16:36,2018/6/28 0:00
d23aab0e21efafc3216ce27c05565a96,7741a2c7f0be3dda60452f7c55769146,delivered,2018-05-28 23:23:00,2018/5/28 23:35,2018/5/30 13:12,2018/6/4 21:36,2018/6/20 0:00
9c5548e522bd06824106a8713a019e1b,ca9e758a38b2f83b2c1a31e00aff1c30,delivered,2018-05-28 10:38:00,2018/5/28 10:53,2018/5/28 12:24,2018/6/11 19:31,2018/7/3 0:00
a01a08ca0d8cf4c03ffd23029c091210,d9195d0325ce43bed923ee3edd6547e4,delivered,2018-05-28 18:56:00,2018/5/29 18:51,2018/6/4 16:03,2018/6/5 19:41,2018/7/16 0:00
e156c06e2ceacafe7263782d2115fca8,2cdd14266e171616685c2a2deaaa76f3,delivered,2018-05-28 00:07:00,2018/5/28 0:29,2018/5/28 13:19,2018/6/2 19:34,2018/6/28 0:00
8d177df0bc7f19cc605da776c8730ce8,b1778311ca1da06bd07eae33928c7dda,delivered,2018-05-28 17:01:00,2018/5/29 3:55,2018/5/29 15:18,2018/6/5 19:32,2018/6/28 0:00
4a8b56b6641818f8cf2457dedd663bcf,11af43ab5aead1caaef7a490b1420a82,delivered,2018-05-28 10:54:00,2018/5/28 11:13,2018/5/29 14:36,2018/6/1 18:02,2018/6/13 0:00
a1dd8c3d72d95a11312293743c4064a6,4c67e0a1613b34e3047e157f9dd98d1b,delivered,2018-05-28 15:23:00,2018/5/28 15:35,2018/5/29 15:44,2018/6/1 19:52,2018/6/13 0:00
1efa3bd33f2a887addccba92edc88340,8ae206912a2afe2c2bc2f1cd3d31cc90,delivered,2018-05-28 17:11:00,2018/5/28 17:30,2018/5/29 10:25,2018/6/1 14:19,2018/6/20 0:00
e2daa9281728e47abae1c8799a4abd9d,f36aaf634475955f4c50e193961ca70d,delivered,2018-05-28 10:54:00,2018/5/28 11:13,2018/5/29 14:45,2018/6/1 15:32,2018/6/20 0:00
4d312c4094736b92bf0f13f99d80ec86,cdb4836345c6e428e8ab34ccc1daf96d,delivered,2018-05-28 13:14:00,2018/5/28 13:31,2018/5/29 15:41,2018/6/15 23:41,2018/7/5 0:00
b6ee22c53f26ef8d97d96465c8899e16,b0e3b5761cd36ed181095a4861511e05,delivered,2018-05-28 18:47:00,2018/5/28 18:55,2018/5/29 13:48,2018/6/13 16:04,2018/7/4 0:00
c177bd75cb8bbff3f8ce6842201c7b6f,2a9bf6ab9526b5ef47aefc35a0667d7d,delivered,2018-05-28 19:04:00,2018/5/28 19:17,2018/5/30 14:24,2018/6/5 18:03,2018/7/18 0:00
558eca1d22374a40aa35c2d9f88573a3,a7261b8467989c8b5c1800b4bfd705bf,delivered,2018-05-28 22:29:00,2018/5/28 22:50,2018/6/1 8:47,2018/6/7 20:03,2018/7/12 0:00
9f64fb4d29aa2f254cc325c59a8f8b00,0826150e089ab7d5356b412e9f3bea76,delivered,2018-05-28 09:17:00,2018/5/28 9:34,2018/5/28 14:06,2018/6/7 18:34,2018/7/11 0:00
13e6d8c97847f1b195474fab7dd73bde,f09a97aa30ea595d27a84b306a86ce96,delivered,2018-05-28 15:53:00,2018/5/28 16:11,2018/5/30 11:30,2018/6/13 21:28,2018/6/28 0:00
915f541ee5f9fd7b10797945cfabf971,f29a766a89f68d0ee767d2cb03503603,delivered,2018-05-28 17:57:00,2018/5/30 2:32,2018/5/30 14:26,2018/6/13 19:58,2018/7/16 0:00
e4355b11f8adb9cfd1883d34dfedb6c7,812886b70c5584fc028811f11a1ee2bf,delivered,2018-05-28 17:42:00,2018/5/28 17:55,2018/5/29 13:02,2018/6/7 21:48,2018/7/16 0:00
292bb4eb07f86cd88e500ee1dd10523d,fd771c26c5bca0eda082ae1290993194,delivered,2018-05-28 08:53:00,2018/5/29 3:15,2018/6/8 13:43,2018/6/13 18:28,2018/7/12 0:00
2d30bcdaaf18c2598140aa6f7f230216,c16e1ee1f43fc784a849789cbf31c9b9,delivered,2018-05-28 11:21:00,2018/5/28 11:35,2018/5/29 13:16,2018/6/13 16:53,2018/7/11 0:00
a56a69de5d08abcdd997b45a40cdbeed,d96a0a53b1076cd1fb71326dec092f0c,delivered,2018-05-28 02:16:00,2018/5/29 2:11,2018/6/6 12:31,2018/6/8 19:22,2018/7/5 0:00
b4e47a448289bb284758470f606229c4,57856512eeb5d55a99c26b58906b291c,delivered,2018-05-28 15:54:00,2018/5/28 16:11,2018/5/29 13:45,2018/6/1 21:34,2018/6/20 0:00
790710021a014a0263cef04999d451ee,fca8329f8acb14ce34528309daebceab,delivered,2018-05-28 11:58:00,2018/5/28 12:12,2018/5/29 15:18,2018/6/12 21:04,2018/7/19 0:00
aadf5fc042b64c57d336c1ad8a28a455,d7f4c9c4b263f6f0d8cd144f3f4533ab,delivered,2018-05-28 10:44:00,2018/5/28 10:55,2018/5/28 15:26,2018/5/29 17:06,2018/6/28 0:00
0cf3d6e83dcc1117999a235fd6dae842,9ef02e0bb31e88a1fde897b4adc31233,delivered,2018-05-28 12:59:00,2018/5/29 3:31,2018/5/29 12:40,2018/6/11 18:46,2018/7/5 0:00
a85ad381ff410bb40159e498feb30a13,3bef7341efc8f099c1ce8dbb59a409aa,delivered,2018-05-28 18:45:00,2018/5/28 18:55,2018/5/29 15:41,2018/6/7 20:03,2018/6/28 0:00
4b4c7655aadab4cf1eb81eddf40afcaf,d8e1d69f3909531253a5de372a66af7c,delivered,2018-05-28 17:31:00,2018/5/28 17:55,2018/6/4 13:15,2018/6/12 20:03,2018/7/5 0:00
bbc13e09a09a77b4f6ea6a981a399473,7822a6861b0a8c3a5b4ed5f42268eab0,delivered,2018-05-28 22:11:00,2018/5/28 22:35,2018/5/29 14:04,2018/6/5 13:12,2018/7/4 0:00
267e7e0b0615d34fa4c39c0a97cee1d5,5bb2321bf6c692d7f92ec6d97d5842e4,delivered,2018-05-28 21:16:00,2018/5/30 2:32,2018/5/30 15:09,2018/6/1 15:31,2018/6/18 0:00
9c5dd45ca53ffa7f21772e36f950da8f,53c8190e3bdf183e2277b3387a667137,delivered,2018-05-28 18:57:00,2018/5/29 18:15,2018/5/30 12:10,2018/6/12 20:27,2018/7/18 0:00
3041108a3798c0b8ce8a9bb8efaaebd5,875bf6eb697869ad0d2cfb512e331347,delivered,2018-05-28 16:45:00,2018/5/28 16:55,2018/5/29 14:12,2018/6/2 15:28,2018/6/13 0:00
eea5cc5fc9932c98e7bc8a58c32da4f8,83825125c4d37368ce1a8043308b2b5b,delivered,2018-05-28 10:45:00,2018/5/29 3:55,2018/5/29 14:22,2018/6/4 22:28,2018/6/20 0:00
d0a376ad0575bef38f57ec1665a353ea,7f5cc65222c2fe21a935bde669213ad4,delivered,2018-05-28 20:34:00,2018/5/28 20:50,2018/5/29 14:22,2018/6/2 17:03,2018/6/20 0:00
45b0b9012eea515351639078d2676a65,08d7b1fe49c75e0ebc5758f55d41a580,delivered,2018-05-28 13:10:00,2018/5/29 3:30,2018/5/30 12:41,2018/6/11 15:19,2018/7/18 0:00
3c2ce68a8ae197f1c0761e0e49486673,ed01365fc6f6e098879c03ae23b0d743,delivered,2018-05-28 12:01:00,2018/5/29 3:31,2018/5/30 11:15,2018/6/1 20:41,2018/7/3 0:00
67adc926d34e13b8e6144b020f0e1153,39eb26e58bcb1c8c7775e8eb056bdcf7,delivered,2018-05-28 17:01:00,2018/5/28 17:16,2018/6/5 12:34,2018/6/11 16:47,2018/7/3 0:00
b18a68dda772cde59ef17d4fbbfe8c7e,07e84f8ccde6b3049d08bd274a35978d,delivered,2018-05-28 14:05:00,2018/5/28 14:15,2018/5/29 9:51,2018/6/5 15:13,2018/7/23 0:00
d2421ba8e68d2ecb6f32d08202ba292e,11c1d39751742fcd7e92255db994dfb5,delivered,2018-05-28 16:34:00,2018/5/30 2:32,2018/6/12 12:46,2018/6/18 19:38,2018/7/16 0:00
3a63202e1f2029f6ee42f498e87fa599,149876e27f49d24b3c0a9d34dfc13163,delivered,2018-05-28 15:23:00,2018/5/29 3:15,2018/5/30 13:43,2018/6/12 19:51,2018/7/11 0:00
7010bfa704139424f4fff8baff27b7cc,ac9d802c8be6d74099e9b3e90acefe12,delivered,2018-05-28 20:49:00,2018/5/28 21:16,2018/5/30 12:05,2018/6/2 19:29,2018/6/20 0:00
d76b164e4e70f560ba7c2d4f155b09d7,009c825b4f96c0c03731ac38b6e1c6ea,delivered,2018-05-28 08:31:00,2018/5/29 3:30,2018/5/29 14:03,2018/6/14 18:44,2018/7/16 0:00
faf4b0fe89a6f599276eccc2f5944ca6,be6c723c0dc6a8c587a7cc5ca2644927,delivered,2018-05-28 17:35:00,2018/5/28 17:55,2018/6/4 16:03,2018/6/19 16:11,2018/7/31 0:00
4050a0495b8fab90bb5285f6c37d61e9,24207156e277e6dfc2e231c63365d271,delivered,2018-05-28 02:36:00,2018/5/29 2:34,2018/5/29 11:41,2018/6/13 18:06,2018/7/17 0:00
daaa1175302ea22f08aede6bd5bee8bf,a558c27e289c8e4e99cb82e7665ff009,delivered,2018-05-28 13:49:00,2018/5/30 2:32,2018/6/5 10:44,2018/6/13 16:58,2018/7/16 0:00
96a8d065c3f2dbde8c6ff7fae00a2f35,42808481d800a84a8cf647ef8838c6cb,delivered,2018-05-28 11:02:00,2018/5/28 11:15,2018/5/28 13:57,2018/5/29 18:08,2018/6/13 0:00
b636703317e3a173ebe3770beda32aea,11c9730340dc403bf23bf523be47ed1d,delivered,2018-05-28 20:02:00,2018/5/28 20:15,2018/5/29 14:38,2018/6/18 13:47,2018/7/5 0:00
a65d018a7a1122b4312c742d7107e021,724eba516ed0739bd049fb295ce929c0,delivered,2018-05-28 08:28:00,2018/5/29 3:14,2018/6/12 14:04,2018/6/13 19:42,2018/7/3 0:00
53ae9aaa6ba9fefffe3c0db94f4d2c43,b5cfd134107d931d1bf1b191e016a4b9,delivered,2018-05-28 12:44:00,2018/5/28 13:13,2018/6/4 13:10,2018/6/13 13:11,2018/7/3 0:00
cec0dfdf4408bef61c7d93b02a41f92c,abd9af16c6b85f81ac7d5eee4ecadb5a,delivered,2018-05-28 15:18:00,2018/5/28 15:32,2018/5/29 9:00,2018/6/4 17:26,2018/6/28 0:00
da9713f62e0d54668895dd0ca6ddbb64,79e482fbb9811d4ba4eb9249661c0194,delivered,2018-05-28 10:00:00,2018/5/29 9:56,2018/5/29 13:15,2018/6/12 17:39,2018/7/3 0:00
c29713133e5e33937af1a6e1e1370552,906614004e38a1e922ff033563bfdcf2,delivered,2018-05-28 17:20:00,2018/5/28 17:35,2018/5/29 14:22,2018/6/7 18:38,2018/7/19 0:00
1e73ecf14966e33e06e79c339fb3f7cd,4d6a2339ba829456960bc4a6ac74eec9,delivered,2018-05-28 16:37:00,2018/5/28 16:51,2018/6/1 14:09,2018/6/8 18:54,2018/6/21 0:00
356725db39df6e32c250f1b4f1f78d9e,8309c7cc18fb32c9b5678db4f66b6bec,delivered,2018-05-28 19:07:00,2018/5/28 19:29,2018/5/30 11:22,2018/6/4 18:37,2018/6/29 0:00
060653209bfa61cf4b308a00e3861875,a0d86b4a22f02ed0ade308b69e91bc89,delivered,2018-05-28 23:18:00,2018/5/28 23:30,2018/5/29 12:29,2018/6/12 22:12,2018/7/11 0:00
88147bfe4762e9d0e545871dbc994734,e948953cbdd0ebdf270937ab3d5c1a5a,delivered,2018-05-28 23:06:00,2018/5/28 23:29,2018/5/29 15:38,2018/6/5 23:04,2018/7/5 0:00
3d4bfa3de7e617f61d1ee3c87e95b204,5e98755f49cf29e4e9e87d81d2f86db2,delivered,2018-05-28 09:26:00,2018/5/28 9:52,2018/5/28 15:16,2018/6/14 0:46,2018/7/16 0:00
8767f36960352a7d9b94e1857a45c981,31b1a8a4bc56ec61e5a3bb174d4e5318,delivered,2018-05-28 20:59:00,2018/5/28 21:16,2018/5/29 13:14,2018/6/6 19:06,2018/7/4 0:00
8ee3d811c7a49f0f3be646dfb3489e75,5054aeef991ce66d45d9a75a5e157cab,delivered,2018-05-28 14:52:00,2018/5/28 15:15,2018/5/29 13:33,2018/6/5 20:07,2018/6/20 0:00
185e7ea81e4cf0fc1d2f4e8e38e8e7e3,f23c4b530f6d7d421de1e38d3e0cc327,delivered,2018-05-28 22:39:00,2018/5/30 2:32,2018/6/1 8:51,2018/6/18 22:12,2018/7/31 0:00
4c53b2ac030f08c0469e8de45af2e400,780b9df22e9f714b2231474a96e95730,delivered,2018-05-28 17:24:00,2018/5/28 17:55,2018/5/29 16:05,2018/6/4 21:15,2018/6/13 0:00
6dcf09925bad5c21f9694df7c7064435,b6449dad7d75ca4204e95af962d73eaf,delivered,2018-05-28 10:14:00,2018/5/29 3:55,2018/5/30 14:55,2018/6/7 0:28,2018/7/3 0:00
facd4b7395a3bf5f4536e64cf5d7668a,e2bd826c95ba483662ede716ae8187e3,delivered,2018-05-28 17:43:00,2018/5/28 17:56,2018/6/1 14:13,2018/6/2 16:21,2018/6/13 0:00
f62f42fbbc35ac4b000282839c369f9a,57bd01b687ed2ca2565730ba32a15d06,delivered,2018-05-28 17:58:00,2018/5/29 3:31,2018/5/29 15:09,2018/6/1 16:28,2018/6/20 0:00
a8f5ea0830ac9ffd1d2864434bcddb70,e9bca2aac8f400109e997596326d9227,delivered,2018-05-28 20:21:00,2018/5/28 20:36,2018/5/29 7:48,2018/6/8 20:06,2018/7/13 0:00
53b122ab361cdd253c61d8f63bdc2a75,a56944574643fc65a4c8753d9e0c37a7,delivered,2018-05-28 10:55:00,2018/5/28 11:13,2018/5/29 12:00,2018/6/7 21:13,2018/7/3 0:00
9797613eed6fac4314c4d5c9132c7ff4,759835de956bcaaf90c41eeb09e8ff1d,delivered,2018-05-28 11:27:00,2018/5/28 11:54,2018/5/29 15:18,2018/6/20 19:45,2018/7/16 0:00
d905ef2a3ee51aff370cf4ca43eb5e8d,8173731cfd6e1b3cf14eb346dbb2b3a3,delivered,2018-05-28 16:08:00,2018/5/29 16:12,2018/6/1 15:35,2018/6/6 17:20,2018/7/12 0:00
43d5113f8c14cc2c72b763c801f47ac6,5ae27e96182178bb0c1ff8ba02dd42d8,delivered,2018-05-28 16:10:00,2018/5/29 12:09,2018/5/30 13:54,2018/6/7 14:38,2018/6/28 0:00
cab041584e63bfe6a389916c8f469abc,4f11e0c0c7d456f4e5bf43b4189927e7,delivered,2018-05-28 17:12:00,2018/5/28 17:30,2018/5/29 9:38,2018/5/30 16:48,2018/6/20 0:00
b230cdf7f5d8115711cbab88f4636406,eaff05733a47fe7dbd0a808b4cde8238,delivered,2018-05-28 21:16:00,2018/5/28 21:30,2018/5/29 13:53,2018/6/2 12:02,2018/6/28 0:00
750ed62dff96bf5713b8c6a6bbfdc948,a05f88744e7de808ee2378057e2b033c,canceled,2018-05-28 11:18:00,2018/5/29 3:15,,,2018/6/20 0:00
360983d2dc93d0b53cf1dd482a1caa5d,1cddf32e75b16d683001b555f0d3914a,delivered,2018-05-28 18:43:00,2018/5/28 19:16,2018/5/30 14:43,2018/6/11 13:32,2018/7/17 0:00
761d24a47ebf005134bb75f8cde9c5b1,ed78b8e3b4ce8f10d7ff5f18f9758b75,delivered,2018-05-28 19:59:00,2018/5/28 20:10,2018/5/29 8:43,2018/6/8 20:15,2018/7/3 0:00
b5eb3252f8e5ded7044d176ed49e2ecb,86d7e0b2821894373d67a03352affdcb,delivered,2018-05-28 17:23:00,2018/5/28 17:35,2018/6/18 11:59,2018/6/22 17:59,2018/8/3 0:00
513e088b2c0d0279b2df18d115a0d39d,4f3106b818772a80feb6aa2a658e2998,delivered,2018-05-28 15:37:00,2018/5/28 15:56,2018/5/30 13:36,2018/6/4 20:53,2018/6/28 0:00
c8c0e74f5426e74b812efe05eaab11a6,b6ba2c8d887b9586b6f9dcd3d7ddfd56,delivered,2018-05-28 21:30:00,2018/5/29 12:50,2018/5/30 12:56,2018/6/11 16:18,2018/7/4 0:00
ba506068ed3555effa5ca62cd1b22225,5729693cc754e134be2566d2369795a0,delivered,2018-05-28 15:23:00,2018/5/28 15:56,2018/6/2 9:05,2018/6/5 21:26,2018/6/20 0:00
5be9662cf57b643907e692632ff63fdc,f9f5b9bfc5b9fdceb180b9227737630c,delivered,2018-05-28 10:04:00,2018/5/28 10:15,2018/5/28 14:08,2018/6/6 18:59,2018/6/29 0:00
8e01476de7658766c75d118e291d2b16,b728285f0366b207acce12b492851e97,delivered,2018-05-28 10:40:00,2018/5/28 10:53,2018/5/28 13:45,2018/6/3 11:17,2018/6/28 0:00
e98f62f167c0c56e1d6e2c852bf04adf,deb7123f2e2f5e7e0997e3af67d058d0,delivered,2018-05-28 09:57:00,2018/5/28 10:13,2018/5/28 13:09,2018/6/8 17:37,2018/7/5 0:00
916176e8ce74772807cfb28860535ae0,46c19710e4ec96f3c532cb3ac376b794,delivered,2018-05-28 14:51:00,2018/5/28 19:16,2018/5/29 13:51,2018/6/6 21:18,2018/7/4 0:00
9544da84a1f36efaf61504e2fbed951a,2e4944041038aa2b71a74eab8d9b819c,delivered,2018-05-28 11:01:00,2018/5/28 11:15,2018/6/4 15:15,2018/6/5 12:41,2018/6/20 0:00
278d3d690a2154d06eb95b5a171ade8f,d92966ea3d638f9b965f661de8d6d01d,delivered,2018-05-28 09:39:00,2018/5/28 9:52,2018/5/28 14:02,2018/6/4 20:08,2018/6/29 0:00
ffc49b9c9d666410e9ecdb0a3efadb9c,e175dcb4b025365a33467693abf7b4ca,delivered,2018-05-28 19:29:00,2018/5/28 19:56,2018/5/29 14:04,2018/6/12 18:57,2018/7/11 0:00
a0b07a92ce295982730306c83af1da2a,b5e633e94cee7ad1b81f39f88a4ee6e1,delivered,2018-05-28 14:45:00,2018/5/28 15:15,2018/5/29 13:51,2018/6/11 16:37,2018/7/12 0:00
d323b02e4d09a0a84bda45d240aeb3c0,1db2b65fe180603deddda6476084b52f,delivered,2018-05-28 13:37:00,2018/5/28 13:54,2018/6/5 16:00,2018/6/6 15:08,2018/6/26 0:00
65a05062e11f3e5121cd0e0723bf765d,2799fe5cb33f25c1336f9c810f5bab84,delivered,2018-05-28 18:25:00,2018/5/28 18:50,2018/6/6 15:01,2018/6/8 19:53,2018/6/20 0:00
083c350532e95d46b3c25b7c41b1ad63,6997fe0ec1de23e69f13fedf18f50cb8,delivered,2018-05-28 18:20:00,2018/5/28 18:36,2018/5/30 19:32,2018/6/1 20:32,2018/6/13 0:00
0927272c1caea73a32570e9de18c2bb7,c0186800fe9bb6579c73f2b2345cce4c,delivered,2018-05-28 13:31:00,2018/5/28 13:54,2018/6/5 12:35,2018/6/15 20:17,2018/6/20 0:00
a8a42525a528f4f3b6c343d8cfa0a374,11d4407faece8a6220c06056f36dc9af,delivered,2018-05-28 20:41:00,2018/5/28 20:50,2018/5/29 13:27,2018/6/9 12:28,2018/6/28 0:00
a6ff9f38d02f65f7ad74bfc2dd1813cf,6e2a35662f0ad6eb33998f94a69e8a24,delivered,2018-05-28 00:30:00,2018/5/28 0:56,2018/5/29 9:51,2018/6/7 21:58,2018/6/28 0:00
0f6b7fd8b1ca2b342b4629b5c8a4435b,0a0b289b31e52a51a3368b171806a8fa,delivered,2018-05-28 18:16:00,2018/5/28 18:36,2018/5/30 13:54,2018/6/14 0:19,2018/7/16 0:00
e0ff4f042465bf3a83ab05b537d1c90e,35ccaf85cd6559f85e62b1968fa763b0,delivered,2018-05-28 19:57:00,2018/5/28 20:10,2018/6/1 11:20,2018/6/6 16:38,2018/6/28 0:00
ef43444651cdedfaefc1123e4acd02aa,1cd96d1a642496e8967965c311f98b1a,delivered,2018-05-28 18:09:00,2018/5/30 2:32,2018/6/7 12:35,2018/6/12 9:35,2018/7/11 0:00
6d0e0e8907efa53405051c14ba17f58e,c2430380d5d3ec51f5f8128805b6666d,delivered,2018-05-28 22:22:00,2018/5/28 22:35,2018/6/1 14:10,2018/6/8 16:50,2018/7/4 0:00
2ee0dd09094bb9568b06bc1ffbe9f4ec,76df3b6412d4883dbc84402a5c659b5d,delivered,2018-05-28 21:02:00,2018/5/30 2:13,2018/5/30 10:17,2018/6/26 21:24,2018/7/5 0:00
1917dc45b0bd8e45ef7e5919e9c35c15,be5019d2c52dfaffa0e4663e49bdfd2e,delivered,2018-05-28 18:47:00,2018/5/28 18:55,2018/6/1 12:40,2018/6/3 14:04,2018/6/13 0:00
1e60cd113fd130d6384d74348f85b63c,1b816766bb5a39f8e46924109d1f1983,delivered,2018-05-28 21:07:00,2018/5/28 21:30,2018/6/1 11:31,2018/6/5 13:48,2018/6/13 0:00
13f2f496cc080f4443dc54b93b75a968,a369192f9dbe966c7d10f33b7f20bdf4,delivered,2018-05-28 19:36:00,2018/5/29 19:35,2018/6/6 15:01,2018/6/13 13:38,2018/7/4 0:00
bf2f7a16704936db1686ba2711614520,77b2063010087502d849d81480f6420e,delivered,2018-05-28 12:03:00,2018/5/28 12:15,2018/5/30 13:36,2018/6/8 22:38,2018/7/3 0:00
0617fd3db51fa6cbebde41b9bd34b406,c859e1f9641a31e71020f8be665daaea,delivered,2018-05-28 14:03:00,2018/5/28 14:15,2018/5/28 18:29,2018/6/15 19:04,2018/7/4 0:00
d1d9e82abdaaa28b562b48d23f5e8203,71dd1c2bbcb2590101080d3921cfc540,delivered,2018-05-28 11:40:00,2018/5/29 14:11,2018/6/4 10:18,2018/6/5 21:11,2018/6/20 0:00
d819490edd3b5a3d69b114bb1eed977e,3d63c534551c85a62bc51417745dc81c,delivered,2018-05-28 13:49:00,2018/5/28 14:10,2018/5/30 11:02,2018/6/23 18:32,2018/7/19 0:00
13177245f820dca10cd9968a2a395b1d,af3b1412013a9f8a5dd51d610427f847,delivered,2018-05-28 16:52:00,2018/5/28 17:16,2018/5/29 10:41,2018/5/30 15:12,2018/6/26 0:00
bbfb434859fc673797c1040d267e342e,b0d85b57c22f4e17c5348ac56e88b4e7,delivered,2018-05-28 20:43:00,2018/5/30 2:32,2018/5/30 14:06,2018/6/8 0:04,2018/6/20 0:00
2ef2818bc1477c39bc32b093812b85e8,1c436aa3c85f978a78df59eaca01ede3,delivered,2018-05-28 14:33:00,2018/5/28 14:50,2018/5/28 14:33,2018/6/4 19:33,2018/6/29 0:00
33fc7baa13a1f53c49812053516172e7,e83678b18eeb52b82fcff5e21d12cf6d,delivered,2018-05-28 07:44:00,2018/5/28 7:55,2018/5/29 13:44,2018/6/14 11:18,2018/7/3 0:00
8d37e7a787d783b75379ef856107b40a,c6c67979c6a71ae3f43fb2fc04712e4c,delivered,2018-05-28 09:38:00,2018/5/28 9:52,2018/5/28 14:29,2018/6/5 18:03,2018/6/28 0:00
b2fb15f025928415eebbfd3132b0dfbc,47014bb0e74e35a5b83df78c45f41c32,delivered,2018-05-28 18:01:00,2018/5/28 18:15,2018/5/29 13:11,2018/6/7 16:02,2018/7/5 0:00
c164550f33679da3d32b3ce6078cffda,581ee503fd22bd36c99119cbfb230237,delivered,2018-05-28 08:47:00,2018/5/28 8:55,2018/5/28 14:02,2018/5/30 18:18,2018/6/21 0:00
84e68b5d2be9ab9146ea264fa27c9a34,e4ab65a0b4c3c3e0fee82f90222c4618,delivered,2018-05-28 13:56:00,2018/5/28 14:10,2018/5/29 7:50,2018/6/2 16:33,2018/6/29 0:00
e33865519137f5737444109ae8438633,64b086bdcc54458af3ea3bd838db54a5,delivered,2018-05-28 00:44:00,2018/5/29 3:31,2018/5/30 13:13,2018/6/1 22:25,2018/6/20 0:00
6b57b46391a662adacf6841b5da8d084,7508680e17b526665363d2bd205b44a3,delivered,2018-05-29 23:14:00,2018/5/29 23:34,2018/5/30 14:48,2018/6/4 10:44,2018/6/21 0:00
0e2f2a11ed7233e538469471930a7ed7,a7dbd3fd213f08708b18e3b2667e14de,delivered,2018-05-29 09:13:00,2018/5/29 9:30,2018/5/29 14:45,2018/6/11 14:53,2018/7/16 0:00
5fc156541c3cea8af8784a46dbfcd183,76ebf70a559266867675fc7b0e74072d,delivered,2018-05-29 11:02:00,2018/5/30 10:56,2018/5/30 13:11,2018/6/12 20:15,2018/7/4 0:00
f6062f2fd7a79226266b4cdaded643ec,220d30b547b088ca7b34fef7d7a54523,delivered,2018-05-29 19:34:00,2018/5/29 19:55,2018/5/30 15:11,2018/6/1 12:08,2018/6/21 0:00
9e40d6ad0e658dbe287498d89f222d18,79b516ac255abbf7531ea1ea5b43d0db,delivered,2018-05-29 15:48:00,2018/5/29 16:12,2018/6/7 15:12,2018/6/11 20:41,2018/7/27 0:00
1683815c34e20076a6b3a8b1fd3d8809,2d9a7f6bfb053e602cc26e9c77c5f2ee,delivered,2018-05-29 18:09:00,2018/5/29 18:36,2018/6/1 10:15,2018/6/11 18:13,2018/7/5 0:00
7d0a48a75ea94fb27cbb514b6bd406b4,1fa8165134d1bc197e2bc4ebf659f35e,delivered,2018-05-29 12:43:00,2018/5/29 14:15,2018/6/5 14:01,2018/6/11 14:51,2018/7/5 0:00
4974bc485d07cad8b6e5000a345bcd50,5a305881af7a75ebbe4e858260370d9c,delivered,2018-05-29 15:45:00,2018/5/30 15:35,2018/6/1 8:56,2018/6/11 23:54,2018/7/16 0:00
ff54b9c09ea01ff4a6998163e9822b79,61eb73b3aa56811b865abef59f7ef640,delivered,2018-05-29 21:46:00,2018/5/30 16:16,2018/6/1 13:23,2018/6/11 20:28,2018/7/4 0:00
0c6a968e3824f733a18b9c40b2620865,4d3afd054c81809d99eacd8a22e08075,delivered,2018-05-29 16:12:00,2018/5/29 16:39,2018/5/30 12:22,2018/6/7 16:28,2018/7/19 0:00
342b802870cffb4cca6f8b612e121300,a1f2fe00ae439dcb254252a38dd4e286,delivered,2018-05-29 22:20:00,2018/5/29 22:35,2018/5/30 11:22,2018/6/4 18:31,2018/6/29 0:00
f834cf7fd494d64498ec7054a72e947f,3307c2dabe1e3c6987cc5780520efe79,delivered,2018-05-29 22:36:00,2018/5/29 22:54,2018/6/1 8:25,2018/6/4 15:51,2018/6/21 0:00
15f906fde6e6b48fc2f10c413d4bef8b,cffc421e3853c93e511c2d6abc520e12,delivered,2018-05-29 12:04:00,2018/5/29 13:31,2018/5/30 13:46,2018/6/11 19:38,2018/7/16 0:00
02f4dd90ba0feb8ec394cac05862d2b5,df6d93efba53a613bf2365f7945febb0,delivered,2018-05-29 16:04:00,2018/5/29 16:15,2018/6/6 14:31,2018/6/26 4:32,2018/8/9 0:00
db8bf3de5a5697bde575853b0e9d7fec,6bc10e2de3cadab0a0e0e96a880fae5e,delivered,2018-05-29 09:23:00,2018/5/31 3:36,2018/6/1 11:10,2018/6/15 20:58,2018/7/12 0:00
d6a5b1dabb71e6af751ca35e7ecbcae2,84a18469ae1de12043370666d2807e6a,delivered,2018-05-29 15:03:00,2018/5/29 15:32,2018/6/1 14:04,2018/6/8 20:32,2018/7/5 0:00
73840bb583b69b1d181d54f3f755a4e2,525fe4903a5cea320f17dcf74c2a1534,delivered,2018-05-29 13:28:00,2018/5/29 13:57,2018/5/30 13:46,2018/6/18 20:44,2018/7/17 0:00
7d211ad04e2a788e75109de959ce3171,4a1e8b88c644fe53641843b68f745160,delivered,2018-05-29 21:55:00,2018/5/29 22:13,2018/6/5 13:07,2018/6/6 12:55,2018/7/17 0:00
822439c9a01bc64ce644063229f3edd1,1878256be6b16ab5f7759b1c7d7f4903,delivered,2018-05-29 16:48:00,2018/5/29 17:18,2018/6/4 11:01,2018/6/13 16:06,2018/7/4 0:00
2eb63f75718e0a133e1a6c7d14375025,1712b3a131430bc9e53dcba7adcfc282,delivered,2018-05-29 10:46:00,2018/5/29 17:57,2018/5/30 11:06,2018/6/2 12:36,2018/6/21 0:00
046bc7c1d7122be13009a28d66977149,50a1e21aee11c07e29db5b8289876b9f,delivered,2018-05-29 21:46:00,2018/5/29 21:55,2018/5/30 14:40,2018/6/2 10:51,2018/6/21 0:00
41b58b6026bb03ba48125f0b42fd4b70,7fb48eba2763ac51b79391d0636a7c92,delivered,2018-05-29 02:50:00,2018/5/29 3:14,2018/5/29 13:44,2018/6/16 14:28,2018/7/20 0:00
17c7d18b95217b2fbbc15a88ef4f564f,5c84a8216347ecb5dd3f89878d453966,delivered,2018-05-29 20:20:00,2018/5/29 20:35,2018/6/4 8:00,2018/6/12 18:18,2018/7/24 0:00
fb3cf8c9eb2412b0edc0a00a8f43a869,94595ccee21b11325952776b516a0345,delivered,2018-05-29 14:07:00,2018/5/29 14:39,2018/5/29 13:58,2018/6/5 21:46,2018/7/20 0:00
c4de71df747f541f59a618d019281366,aaefbb85ab9583c7912ddb3d9b5e6238,delivered,2018-05-29 18:09:00,2018/5/29 18:36,2018/6/4 12:02,2018/6/6 17:32,2018/6/21 0:00
9ff880794dc0a00ad4856e0de2c912f2,b27bb08f277571e3c41d44e9826df158,delivered,2018-05-29 05:07:00,2018/5/29 5:30,2018/6/4 16:03,2018/6/18 23:44,2018/8/6 0:00
02d3eba685e8150e0e3abacd9c230642,0ec44d686aef3c798a6e8d336cb3a2c8,delivered,2018-05-29 13:55:00,2018/5/29 14:11,2018/6/6 14:57,2018/6/7 17:35,2018/6/21 0:00
ce5a9de9a8a2c2a47c627c3615f90700,ee2e42a5fcbe3dbf6fce1d07639c8121,delivered,2018-05-29 21:08:00,2018/5/29 21:35,2018/5/30 12:05,2018/6/5 18:41,2018/7/5 0:00
c1d16d2238787555fb7bed98f8fbd99d,f5e7020383fc2140c6ecc783105bd4b3,delivered,2018-05-29 15:51:00,2018/5/30 2:32,2018/5/30 11:04,2018/6/4 17:38,2018/6/29 0:00
58feb997b7e395036cd8d59980e85a94,ec70d161cd95ea2fb9be51c71807be76,delivered,2018-05-29 15:18:00,2018/5/29 15:32,2018/6/11 14:23,2018/7/4 12:05,2018/7/24 0:00
99daacedd8423e3b5169338429be0110,29cd5d64c1d683f8d652670417b62b8a,delivered,2018-05-29 19:12:00,2018/5/29 19:32,2018/5/30 7:56,2018/6/1 22:21,2018/6/29 0:00
58a1b2dbc870bdafa3abfced8d5d9cc5,7e9090dbf2dd453786d83814eb0e5778,delivered,2018-05-29 09:50:00,2018/5/31 3:35,2018/6/4 14:38,2018/6/11 16:38,2018/7/12 0:00
038862523957395d9316afa8b8b70976,a08ee5910f78d3f2b79a0e861d0c6d6b,delivered,2018-05-29 23:02:00,2018/5/31 3:36,2018/6/4 15:41,2018/6/6 2:19,2018/6/18 0:00
b058f625ecdea748969b3d9f508873fb,631ae9150948def4dfd72ad426e5fdf3,delivered,2018-05-29 11:16:00,2018/5/30 2:32,2018/5/30 10:16,2018/6/15 18:58,2018/7/13 0:00
207d35e4a69118f2f9422aa1949043f7,09becaeb993ca4d7a5c0ea6eb2afce30,delivered,2018-05-29 10:19:00,2018/5/29 10:38,2018/5/30 13:34,2018/6/12 17:52,2018/7/12 0:00
ecab7448f4b42657c66bc603971693c1,74b72861a67b91be7b5c8c216b32cb7a,delivered,2018-05-29 16:25:00,2018/5/30 2:32,2018/6/5 13:56,2018/6/6 20:22,2018/7/16 0:00
b3e2b3c7117a01d7d57b74ed6b6272f9,5fc1fcba03edc46834dc1592f64b5d5f,delivered,2018-05-29 15:46:00,2018/5/31 3:36,2018/6/12 7:35,2018/6/18 21:22,2018/7/23 0:00
f94e7fe62953e889ccdc4af045dbe8f0,63fd9170b32b31124ab00a1f8ed620f9,delivered,2018-05-29 13:14:00,2018/5/31 3:35,2018/6/1 13:36,2018/6/8 21:11,2018/6/29 0:00
30a08f0074bc43c8284b61015a6c530d,3a28a125ae8571da188c2152082fabf5,delivered,2018-05-29 14:38:00,2018/5/31 3:35,2018/6/4 14:45,2018/6/12 18:59,2018/7/20 0:00
71394edb269e67b8431cc1c355cc53df,6e8a30827c4d5bd095c436b486502fcc,delivered,2018-05-29 00:14:00,2018/5/29 0:34,2018/5/29 8:58,2018/6/6 14:22,2018/7/13 0:00
b420ccbcb8265772b8c13687c24bb5eb,0c03776e54dca1457ed2ce839749eb4e,delivered,2018-05-29 14:13:00,2018/5/29 14:39,2018/5/30 14:09,2018/6/4 21:26,2018/6/21 0:00
583897e4cf9cd552e5abfacdf82bcb75,30446ea2e198de0fd4d7a05ec53c046e,delivered,2018-05-29 21:58:00,2018/5/29 22:13,2018/6/4 15:30,2018/6/7 21:38,2018/6/29 0:00
b124967afcc82ef17ec41020fe2a9136,43dd5cdd60809c5f268d9d3b1e5b986d,delivered,2018-05-29 16:19:00,2018/5/29 17:18,2018/5/30 14:09,2018/6/1 15:48,2018/6/21 0:00
de0d8b8e774b3211e7e001d3e5985470,55fd5d10a5036383fe19af015d2e5a80,delivered,2018-05-29 14:21:00,2018/5/29 14:39,2018/5/29 14:26,2018/6/6 20:26,2018/7/4 0:00
19bb820442f9f4a4efe0ee64f855d532,2834eff6cf7bd868e71858ea37ccada1,delivered,2018-05-29 17:07:00,2018/5/30 7:34,2018/6/5 11:39,2018/6/18 13:48,2018/7/5 0:00
f3c973baad2d145cc17da5473621e0db,3bf70d98adff5db9b2292184cb16e078,delivered,2018-05-29 10:13:00,2018/5/29 10:38,2018/5/29 12:31,2018/6/11 13:32,2018/7/24 0:00
ddd825e286b58aca3f41de496744dc1e,03ce599d2de7554119405035652e592c,delivered,2018-05-29 09:41:00,2018/5/29 9:56,2018/6/1 9:58,2018/6/7 20:22,2018/7/12 0:00
881206af1a6a9cd34119b99782759dd4,c868a030c18275a4b69dec550b92a6d5,delivered,2018-05-29 14:01:00,2018/5/30 2:32,2018/5/30 11:06,2018/6/2 12:35,2018/6/21 0:00
eb93e1cf85b4a7ca753e6b6bca9cb1bf,0750772d41a8b042cde18f59e30522b5,delivered,2018-05-29 19:11:00,2018/5/29 19:32,2018/6/4 13:40,2018/6/20 23:02,2018/7/17 0:00
982c51d6339b46194f28cd465e72e740,c5f6afd37241e12a72bbe95c5564ce6d,delivered,2018-05-29 14:25:00,2018/5/29 14:52,2018/5/30 12:47,2018/6/8 1:51,2018/7/19 0:00
afaf7af5b20257063f84ff0cafd16820,f53b9a6bb4e1039f26d9c3225dc84fb5,delivered,2018-05-29 13:17:00,2018/5/31 3:35,2018/6/4 14:33,2018/6/13 20:12,2018/7/5 0:00
c2b416c2ac6019a220bca3ef9ac48682,7a2ec550d65ca275353c30ec80a633c0,delivered,2018-05-29 17:50:00,2018/5/29 18:11,2018/5/30 13:50,2018/6/5 19:28,2018/7/3 0:00
d5b69ea836793de5711675fef3e119ac,1c1e5060ceea7bcf6ea312692655d2ce,delivered,2018-05-29 00:19:00,2018/5/30 0:16,2018/6/5 14:01,2018/6/12 21:46,2018/7/3 0:00
c0c1739aaf78cfa636a69c10519b9876,6b8894ad156c065a00870dbd022c9d23,delivered,2018-05-29 20:27:00,2018/5/29 20:54,2018/5/30 14:03,2018/6/13 0:03,2018/7/5 0:00
09cbcd1a5e559da522327abcf7e30dda,27464fbd955e5b0bad2c0eaa46cd2f4b,delivered,2018-05-29 11:10:00,2018/5/29 11:30,2018/5/30 10:09,2018/6/12 20:08,2018/7/16 0:00
fd146e195b9e3e00d02a5bf4208e043a,064df8d7cfbb640ce62f296cd3f76c35,delivered,2018-05-29 13:53:00,2018/5/30 13:50,2018/5/30 14:45,2018/6/10 13:06,2018/6/21 0:00
9f672a6ad991e6e232e91e479ab1d0ef,efd0675fcbdaf56e198a09ad3829ecf8,delivered,2018-05-29 13:30:00,2018/5/29 13:58,2018/5/30 11:27,2018/6/13 18:38,2018/7/11 0:00
3d6024a65d547d75ce7c38da01993565,71dcbb257571501de1dc58ac8321a39b,delivered,2018-05-29 18:27:00,2018/5/29 18:51,2018/5/30 16:40,2018/6/2 11:16,2018/6/21 0:00
056ea0ed4a967ffdde98507a7d5656a2,a81f98f9ecc7838dd8e9853eee3be318,delivered,2018-05-29 16:07:00,2018/5/29 16:38,2018/5/30 12:29,2018/6/6 21:12,2018/6/29 0:00
e35f04a0b16431eb95c9f179c004f500,f8c39e0e6bfc93d6b12d7ea11a4ecf90,delivered,2018-05-29 20:16:00,2018/5/29 20:34,2018/6/1 12:54,2018/6/13 14:29,2018/7/20 0:00
b65162879a74ce2aeca593f3ca44cc82,fbc42f9ed93a277c32801fbf815fe9fd,delivered,2018-05-29 21:09:00,2018/5/29 21:35,2018/6/1 13:10,2018/6/8 18:29,2018/7/11 0:00
e73f1e4b75fb2dfc4c18f8c2afd75687,e7067f47085adab23af0e0a72857de91,delivered,2018-05-29 08:53:00,2018/5/29 9:15,2018/5/30 8:53,2018/6/13 19:08,2018/7/5 0:00
d6705951df2cac2fe31e4701c9a29214,be216fa0ff62882b04972080bc6af335,delivered,2018-05-29 16:59:00,2018/5/29 17:30,2018/6/4 15:23,2018/6/12 19:28,2018/7/4 0:00
f2b0b1751d796ee3bf5df90cb7c1c213,fc329f76b6bbfcdb6faafd1ec6c2dcc2,delivered,2018-05-29 22:00:00,2018/5/29 22:13,2018/6/4 11:02,2018/6/8 22:57,2018/7/4 0:00
77a80305f3e556475b3dfe923e8d6735,260653b481f6bb5ec7cfc7650b4c4608,delivered,2018-05-29 10:48:00,2018/5/29 11:18,2018/6/5 13:32,2018/6/14 0:38,2018/7/12 0:00
896f988855a09982ee61d501ef6543a3,5c73080fe93e1ba7867bcd53ff3b1839,delivered,2018-05-29 14:51:00,2018/5/29 15:18,2018/5/30 14:46,2018/6/1 15:56,2018/6/14 0:00
bfda4f6e444f936f87738b840f1221e8,8f0e341772a248cb96e5267c4386e35c,delivered,2018-05-29 10:07:00,2018/5/29 10:38,2018/5/29 14:38,2018/6/5 0:44,2018/7/19 0:00
608d2b1247d371f22cbfa16713c82786,6f2606c75e06082426969fda7ae78f6c,delivered,2018-05-29 13:08:00,2018/5/29 13:31,2018/5/29 19:05,2018/5/30 21:47,2018/6/21 0:00
fd8d6592a0d37e21eca3451890fe64d5,35bf8740c8b1f9ff9291e069d7621ae2,delivered,2018-05-29 19:09:00,2018/5/29 19:32,2018/6/1 10:03,2018/6/19 23:09,2018/7/5 0:00
d8b32d5403c47d8ee3dadd8efa2fa960,acad30e4ebb94a53408cd3796bb56a97,delivered,2018-05-29 21:23:00,2018/5/29 21:35,2018/5/30 20:35,2018/6/1 21:52,2018/6/21 0:00
cb5c1ad1fb0068c83523238259a8e930,732b3392e5516cb60017547792c7e141,delivered,2018-05-29 08:10:00,2018/5/31 3:10,2018/6/5 7:06,2018/6/19 18:58,2018/7/13 0:00
b7dbad6a19140585d000bbc6e1e11168,389533a6b82f26804955dab1aca4a379,delivered,2018-05-29 14:29:00,2018/5/29 14:52,2018/5/30 13:10,2018/6/26 12:03,2018/7/13 0:00
0d9e44ba18b82a7d8e8a9e61681a3e2a,045a67d23d3e4a1cc8aa412d8f8b79d2,delivered,2018-05-29 21:02:00,2018/5/30 13:50,2018/6/6 12:06,2018/6/7 17:04,2018/6/21 0:00
1f18d6138f5af59adb5a379ea575d555,9e28e7712d72035236cfbd785851e4b1,delivered,2018-05-29 00:08:00,2018/5/30 2:15,2018/5/30 16:58,2018/6/12 16:38,2018/7/12 0:00
c58cfe890d48c47bf22b6bfe55b6cddb,47c2b21c22de46f42a427db0ea223499,delivered,2018-05-29 13:20:00,2018/5/30 19:51,2018/6/4 11:52,2018/6/21 16:26,2018/7/18 0:00
9ed58fe0fbd409abc65188eb96c650ac,9052a30c5a1bde768913c851230d085a,delivered,2018-05-29 19:16:00,2018/5/29 19:32,2018/5/30 10:23,2018/6/6 14:19,2018/6/29 0:00
5b265b1557d0d44a32df50b4fbf98c7b,dcdc259ec5bacca962c1ea9ba705b4b1,delivered,2018-05-29 10:04:00,2018/5/30 2:15,2018/6/5 15:26,2018/6/26 11:03,2018/7/27 0:00
7e7ed851224124724e3058ab01051711,621bd139a00b6dc7d6d68635e3b558f4,delivered,2018-05-29 08:20:00,2018/5/29 8:35,2018/5/29 14:38,2018/6/14 17:52,2018/7/13 0:00
44a4b28fae9dd152c7102f54dcd723b9,041e732946d597aa439b595a2def33f3,delivered,2018-05-29 14:36:00,2018/5/29 14:52,2018/5/30 13:46,2018/6/15 18:12,2018/8/6 0:00
a60d615fe2a3b8581bc633e0cb72bdc6,44bba1946549ecb0db3c04da76335842,delivered,2018-05-29 06:20:00,2018/5/29 6:35,2018/5/29 14:38,2018/6/19 21:04,2018/7/5 0:00
acf31320a17ec091f71b623a3b776760,ed1d3344630551529af3894e65b1ca57,delivered,2018-05-29 16:32:00,2018/5/29 16:51,2018/5/30 11:06,2018/6/6 0:38,2018/6/21 0:00
7d6b40109573304141d61d0eb6819e48,1b622df06565612870f1f1ae7f77bee8,delivered,2018-05-29 13:55:00,2018/5/29 14:41,2018/5/30 13:19,2018/6/2 13:22,2018/6/21 0:00
98c809bf2e8392fc389fdf8e2bfbb856,0d15109f485330cb77c3721039e60cdd,delivered,2018-05-29 10:26:00,2018/5/29 11:18,2018/5/30 12:28,2018/6/1 17:58,2018/6/21 0:00
7002f5420d7a37aebd4c740b01b2fd5f,0f2bfd92b901a88af663262ed4480d63,delivered,2018-05-29 09:40:00,2018/5/30 9:35,2018/5/30 13:50,2018/6/6 18:56,2018/6/29 0:00
078c9d6d720f254fc10c5a162169197f,699378662a662906118d5c91b689e7db,delivered,2018-05-29 20:59:00,2018/5/30 20:55,2018/6/1 10:03,2018/6/7 12:38,2018/6/29 0:00
578daeebdebcc19bd2dcba1f6b06b3ce,af31beb9cb1ad7f0dd644d33b9e9ea44,delivered,2018-05-29 18:54:00,2018/5/29 19:17,2018/5/30 8:53,2018/6/2 14:12,2018/6/21 0:00
0f758f5895563ce1892043bc8f17dda1,817221d10fd8831a6a1357cf8fb5fd61,delivered,2018-05-29 08:25:00,2018/5/30 2:13,2018/5/30 13:51,2018/6/20 13:22,2018/7/13 0:00
81672c21ff06fb612df0660ff7d9ae06,937afb3c743cbde0849c9f8463628d15,delivered,2018-05-29 10:48:00,2018/5/31 3:36,2018/6/4 14:24,2018/6/13 21:06,2018/7/4 0:00
9509e22a50417250e3fd7a2bb03d584c,3fe95cb06e9595e91a7dc8d838c9aca0,delivered,2018-05-29 14:38:00,2018/5/29 14:52,2018/5/29 19:05,2018/6/6 14:29,2018/6/21 0:00
4cfcf0598ac30b637d0ded5abcdc74f6,a732e3e70fe678aca25c0e1fce6c93b2,delivered,2018-05-29 11:02:00,2018/5/30 10:56,2018/5/30 13:34,2018/6/15 14:47,2018/7/4 0:00
976843b1cee7809a5c79f63a3c9b3222,ed0096b07e87f8f4144ec8298961241d,delivered,2018-05-29 13:47:00,2018/5/31 3:10,2018/6/6 12:49,2018/6/7 15:38,2018/6/21 0:00
33204aca443f9855e3b8451d179a81a5,2079b31eb86ac16ea4970c754c032393,delivered,2018-05-29 16:26:00,2018/5/29 16:51,2018/6/1 10:46,2018/6/7 12:12,2018/6/29 0:00
77eebc56e710b7d5e02097984981cd76,38e3937c97e049632e77de6d05648412,delivered,2018-05-29 18:10:00,2018/5/30 14:17,2018/5/30 14:05,2018/6/4 15:24,2018/7/17 0:00
afbf35931e267fd7988736eea16cdb9e,2521a12c6bff747f076e24ab251f7392,delivered,2018-05-29 22:50:00,2018/5/31 3:35,2018/6/5 9:22,2018/6/8 14:49,2018/6/21 0:00
add699884e555b7dc441e33f35ddade0,89973f1f8bf114f269edc752c90205ec,delivered,2018-05-29 13:50:00,2018/5/29 14:11,2018/5/30 11:00,2018/6/11 20:37,2018/7/11 0:00
5d38e21bcfe6ead5e9e882d4f8c828b1,77288bb8fa44aa8f566bee266398f2ef,delivered,2018-05-29 17:31:00,2018/5/29 17:57,2018/5/30 17:32,2018/6/1 19:42,2018/6/21 0:00
0bf144db6ca7ef970a25b6a720947622,964b34423c822e9bd9831635ccc83db2,delivered,2018-05-29 16:36:00,2018/5/29 16:51,2018/5/30 14:55,2018/6/12 16:18,2018/7/19 0:00
0eccc15fe0cf8638062ecf10382350f1,21078c8fac1a0e33a4ff86590d39e060,delivered,2018-05-29 17:14:00,2018/5/31 3:35,2018/6/6 10:53,2018/6/18 20:17,2018/7/5 0:00
2199eb036d812a867e2b1e1dc7434366,048de0c58d1e0162415cff6a34e2df65,delivered,2018-05-29 16:16:00,2018/5/30 2:15,2018/5/30 14:06,2018/6/3 14:26,2018/6/25 0:00
b9f687bd75452f5a9050f0445c27b724,c162bf3f0e129a637a3a63caaf4d17fc,delivered,2018-05-29 08:00:00,2018/5/29 8:15,2018/6/5 13:32,2018/6/6 14:06,2018/7/5 0:00
ef4a9e7b022119a6865b3999e1c221d4,de4a8365eed721e1ee8a2993cd739f46,delivered,2018-05-29 18:28:00,2018/5/29 18:51,2018/5/30 7:27,2018/6/11 19:12,2018/7/5 0:00
625b3de89355b67e8efec2e3c467d6e0,18612b0caa6abd8c64a1240be7f0c06c,delivered,2018-05-29 19:35:00,2018/5/29 19:55,2018/5/30 14:45,2018/6/5 19:18,2018/7/13 0:00
9b2219c364534d3bc6d3e82b1db3c37d,287d466084573ecace619577f69640b2,delivered,2018-05-29 18:43:00,2018/5/30 18:55,2018/6/1 14:45,2018/6/4 13:42,2018/6/21 0:00
63f5cc3a2a31c01c270d24d397a54274,e4dbb700c76f5706dd58f9b9ef613aed,delivered,2018-05-29 07:58:00,2018/5/30 7:11,2018/5/30 13:12,2018/6/5 21:54,2018/6/21 0:00
51402937e32c2e11f7aa13d58d0054f1,51b68bdfa70c047b4402d6fc01ba0684,delivered,2018-05-29 19:19:00,2018/5/29 19:32,2018/5/30 14:46,2018/6/13 19:12,2018/7/5 0:00
ee7aab7615cfc22e52462047d0e9f0db,a69a414dbd9ed9dfeb3291be9881627a,delivered,2018-05-29 08:41:00,2018/5/31 3:15,2018/6/7 13:08,2018/6/8 11:58,2018/6/21 0:00
c58c26b5495d953f484006db77adef1f,6049a34e4b3cbda73b1bc05212cbd25a,delivered,2018-05-29 10:33:00,2018/5/29 10:50,2018/5/30 14:34,2018/6/5 0:48,2018/7/3 0:00
a187a55e25f2e2c152c294a12a9da0d0,cd985227e7e8ceab7d42757b44a5039f,delivered,2018-05-29 22:36:00,2018/5/29 22:54,2018/5/30 15:33,2018/6/6 19:22,2018/6/21 0:00
6e1199a328a9d52a7f04542ee9092ff1,89ed9f545e7adb16e072d52358423f8c,delivered,2018-05-29 03:34:00,2018/5/31 3:10,2018/6/4 15:23,2018/6/8 16:35,2018/6/29 0:00
b1268365b664df441154c615681ed911,48eea89af40f6e6691d00c5ab16a1f22,delivered,2018-05-29 22:09:00,2018/5/31 3:36,2018/6/1 14:52,2018/6/6 22:27,2018/6/29 0:00
6804819a81c7f5ddaa37b18b5824ddd9,2b626729e6d9c7d61d07f623c9602f2f,delivered,2018-05-29 16:27:00,2018/5/29 16:51,2018/6/1 10:46,2018/6/12 19:14,2018/7/4 0:00
4f10217309e749b2c974370ca1f4d36e,9f0cb6ef09f0c4373e8713cd9bbb7673,delivered,2018-05-29 16:52:00,2018/5/30 2:32,2018/6/5 8:32,2018/6/7 22:22,2018/7/3 0:00
6f73a96cdd874d89723d560bda640b52,b88d262675f908d6b0a3958c6a091e74,delivered,2018-05-29 09:06:00,2018/5/29 9:15,2018/6/8 10:24,2018/6/14 15:57,2018/7/13 0:00
e8b190298e9df363a6c2f7509dd413fb,f67b9ce7548e47223d43a3ee3242f7d9,delivered,2018-05-29 11:59:00,2018/5/31 3:36,2018/6/4 14:25,2018/6/7 19:38,2018/6/29 0:00
30ca6695cae8ac10c2431a366d30f0c2,a049003658eecf3b1d87246e326b3eb8,delivered,2018-05-29 02:29:00,2018/5/29 2:51,2018/5/29 13:44,2018/6/7 22:42,2018/6/29 0:00
ddc6faf8f6c347a8c369d7c2b7cc6989,c223939860940fd82bd05c7e02db0673,delivered,2018-05-29 11:59:00,2018/5/29 13:18,2018/6/5 12:34,2018/6/15 18:03,2018/7/4 0:00
67a133230aa69348648d14a177951fa6,96293c4b062e3cc55e86f6e843e9fa02,delivered,2018-05-29 21:30:00,2018/5/30 16:16,2018/6/1 15:10,2018/6/7 16:24,2018/7/3 0:00
cebd090c9689c0cf282f067646f9c5ef,151fbaadc520b0f6a4a96965dd393a24,delivered,2018-05-29 11:23:00,2018/5/29 11:57,2018/6/4 8:00,2018/6/11 19:03,2018/7/4 0:00
7c455f1b3dd0fd15fc19e4372c451056,3f04be4f88546351e2d895e9fc9d0a7f,delivered,2018-05-29 11:37:00,2018/5/29 13:18,2018/6/11 14:23,2018/6/13 14:29,2018/7/4 0:00
a5016f72057fe780772bd4c88fa95951,05d6b909009e98a4cb2330bc6a4651ef,delivered,2018-05-29 11:33:00,2018/5/30 2:32,2018/5/30 14:26,2018/6/3 12:02,2018/6/29 0:00
96b7f5a470ca6a58f261be1af286e4d9,b35a12036c527e0cc8e2310bc04c14a4,delivered,2018-05-29 16:42:00,2018/5/29 16:51,2018/5/30 13:36,2018/6/8 21:33,2018/7/12 0:00
f62c176f45acd8992e70d81c62d08971,96a27c3f6479c998aa26265070853e00,delivered,2018-05-29 14:54:00,2018/5/29 15:18,2018/6/4 11:44,2018/6/5 11:38,2018/6/21 0:00
e94463ec887705d951724d52248d7855,0a014efd7c067b6527b82c28abef318d,delivered,2018-05-29 16:28:00,2018/5/29 16:51,2018/5/30 14:09,2018/6/19 18:24,2018/7/4 0:00
334aeb42957ddc27b1e35631aa2d120e,2d900f649b6456aa43078c5f05d3079b,delivered,2018-05-29 20:21:00,2018/5/29 22:32,2018/5/30 15:17,2018/6/1 18:41,2018/6/21 0:00
f52b051fa3520b5b162e98796d07c186,393575d48a375f4a8d356042491d0da8,delivered,2018-05-29 14:40:00,2018/5/30 2:15,2018/5/30 13:12,2018/6/7 23:52,2018/7/5 0:00
a3374c409bf808d17d67d18b3e578e68,f43f43ca7b596646c12c4ca7712c40cf,delivered,2018-05-29 23:21:00,2018/5/29 23:35,2018/5/30 13:34,2018/6/7 17:41,2018/7/30 0:00
935f9339b5dd814b7ff8cfbedf010732,6f2da93c70443d0dc6c0a0f7d24b2aa3,delivered,2018-05-29 23:23:00,2018/5/31 3:36,2018/6/1 14:40,2018/6/3 17:03,2018/6/21 0:00
bdb86a981cb75aa7ea9ca816e2485904,d4aadc1451a181aa980044087d8a3206,delivered,2018-05-29 13:25:00,2018/5/29 13:57,2018/5/30 14:35,2018/6/8 4:56,2018/7/20 0:00
3c469482cf99003bb0246dc0396eafa4,5bbf5988e9a6e1d1cad707bcbf737096,delivered,2018-05-29 14:34:00,2018/5/29 14:52,2018/6/6 15:18,2018/6/22 16:04,2018/7/26 0:00
dbbb8658d9a27d2be4cefb9a9a5d9e33,1557244dadd25bbf0b7c24aa8c76cc2c,delivered,2018-05-29 21:59:00,2018/5/29 22:32,2018/5/30 14:40,2018/6/2 13:41,2018/6/21 0:00
4ab8b7a8e23908984157974ae4ad6436,21b90719d24eb01136a753197b79bb3b,delivered,2018-05-29 08:17:00,2018/5/30 8:15,2018/5/30 14:33,2018/6/1 15:20,2018/6/14 0:00
2476a3346dc4a10dd9238bc6dac93f89,0e665af399629d6d496da8998a5ccbae,delivered,2018-05-29 19:35:00,2018/5/29 19:55,2018/6/5 12:11,2018/6/7 14:48,2018/7/5 0:00
a37fcd79d371bcc1cfb7c63a00a3c770,89455e55be2ea1c28c8f78b64c359fc8,delivered,2018-05-29 20:28:00,2018/5/29 20:54,2018/5/30 11:02,2018/6/4 19:26,2018/6/21 0:00
39bbf01b4fdb433927dd3fa6177607da,535ea92ca9d049b0601f1ada42396b67,delivered,2018-05-29 21:42:00,2018/5/29 21:54,2018/5/30 14:03,2018/6/1 22:08,2018/6/21 0:00
5ae6d4878571e9513c93413ee5ea1fe2,9a913ef439fcfc71384ce3cf53e7a780,delivered,2018-05-29 01:12:00,2018/5/31 3:10,2018/6/1 12:33,2018/6/12 7:20,2018/7/4 0:00
820c39d59fdb0ec31f14070eabca7a15,bb236a7c776991c064b371715a445b78,delivered,2018-05-29 11:31:00,2018/5/29 13:31,2018/6/4 10:52,2018/6/27 18:06,2018/7/20 0:00
089f9bfea8386f4b212e2145f7ad563b,2df9465dba13fc692e05390a8c4d1e18,delivered,2018-05-29 07:39:00,2018/5/29 7:55,2018/5/30 14:41,2018/6/1 16:38,2018/6/21 0:00
08724b06f2204993989fa6c331dfa3d6,b39f78012ca3eac8a5c46e5817b1c5bf,delivered,2018-05-29 18:02:00,2018/5/30 14:16,2018/6/6 11:26,2018/6/11 17:12,2018/7/3 0:00
12f3eaf92da599fd1abd3dc8e21bff0d,b942cab34162601135ebc316dea824a7,delivered,2018-05-29 23:06:00,2018/5/31 3:35,2018/6/5 19:03,2018/6/7 13:32,2018/6/21 0:00
119f1430154997cf2ea4e905667408d1,326bd99b43665ac9e198d45b189740b5,delivered,2018-05-29 02:29:00,2018/5/29 2:51,2018/5/29 14:04,2018/6/6 20:04,2018/7/4 0:00
0046176ff0dbc2a178b7885355dfbb71,6cae94f1f58ab679c23ceb753967c9bf,delivered,2018-05-29 19:22:00,2018/5/29 19:35,2018/5/30 11:29,2018/6/4 18:18,2018/6/29 0:00
0e2aae39225d075cc7fdfda12ef5434f,4a6bf8e14787e241f4d5dfad9a6dd6bf,delivered,2018-05-29 19:36:00,2018/5/29 19:55,2018/6/4 12:05,2018/6/12 18:14,2018/7/5 0:00
69b03f2aed38a9b622ddad0998b00ccb,8ec995e911f92a26221b61e7d7e98c77,delivered,2018-05-29 00:19:00,2018/5/29 0:35,2018/5/29 12:09,2018/6/7 18:07,2018/7/12 0:00
02fbb3b024a111c7e8a629bbd86df0e2,22fe25aae324ee80194e8fabf7d6970a,delivered,2018-05-29 17:47:00,2018/5/29 17:57,2018/5/30 21:24,2018/6/7 1:58,2018/6/14 0:00
6c23e2678bf779526bbb96776800a471,d09feea13dee71db39f02d3ba3030c21,delivered,2018-05-29 18:46:00,2018/5/30 18:55,2018/6/1 13:54,2018/6/8 15:41,2018/7/3 0:00
95dc0bd3155ab8bbe4d5076ea9658805,a0e0e61ee7da5fc5cc8333cff7f4e90a,delivered,2018-05-29 13:38:00,2018/5/29 13:58,2018/6/6 15:01,2018/6/18 19:26,2018/7/11 0:00
34984c4e45c628649f0e6c60a8f626f9,419fd4034de389a5bca6eded55d8a1c7,delivered,2018-05-29 23:33:00,2018/5/29 23:51,2018/5/30 13:13,2018/6/1 14:28,2018/6/21 0:00
f4a0d0b492776bcd3baab5d1f826b131,6887855de82e990aa40afea563f79b83,delivered,2018-05-29 15:28:00,2018/5/29 15:59,2018/5/30 10:06,2018/6/1 11:24,2018/6/21 0:00
bf0e0772c9e81651f6f0f255ed74bf88,ba796cfb1a430e5d6ceed83cde80ff92,delivered,2018-05-29 13:46:00,2018/5/29 14:11,2018/5/29 14:09,2018/6/12 12:56,2018/7/11 0:00
b2f3763408103bc7173bb36ed02dbeea,d0e6cb83a3fc27f56be011b2941f54c6,delivered,2018-05-30 22:33:00,2018/5/30 22:55,2018/6/11 14:44,2018/6/18 23:07,2018/7/16 0:00
fb6ba131bbeb30fd6db9c8900b5c5b92,af5b08db5f1a31a3b6856a8a6dc33167,delivered,2018-05-30 02:41:00,2018/5/30 3:24,2018/5/30 13:39,2018/6/22 22:41,2018/7/18 0:00
54d591a90dbfa19ae578252a9b5a2720,17b02ec522ef587a82a5b69450648f1b,delivered,2018-05-30 17:38:00,2018/5/30 17:58,2018/6/6 15:01,2018/6/11 18:03,2018/7/12 0:00
b436fd24a04e7267307e1d900faa8eb1,20217ca968adf8f08c5916bf09c33d7f,delivered,2018-05-30 12:58:00,2018/5/30 13:09,2018/5/30 14:52,2018/6/4 22:46,2018/7/20 0:00
9457f83b9faf36f40019d656cb5679f1,a6981c9a8bc899ed4f22b9e5b70796a1,delivered,2018-05-30 23:21:00,2018/5/30 23:35,2018/6/5 19:03,2018/6/6 13:58,2018/6/25 0:00
016fbc333d66b414be541c6159576c40,83fc79bfef5a8fb84c5d77f3748e0064,delivered,2018-05-30 18:09:00,2018/5/30 18:30,2018/6/1 14:58,2018/6/11 21:28,2018/7/24 0:00
958203017423df129c09a359f552907c,375478c8a0ad1c1b8a2c27cde81a25c4,delivered,2018-05-30 11:57:00,2018/5/30 12:17,2018/5/30 14:26,2018/6/6 14:16,2018/7/3 0:00
be352bbad6d37a556d8ed5fc593bf248,4cad15d0f25fe2fee5f6b3dee45b8d4c,delivered,2018-05-30 18:01:00,2018/5/31 3:36,2018/6/7 14:23,2018/6/13 17:51,2018/7/16 0:00
cb5fbb27c5009572818e03f9e690edf2,7db36170d6f4124ef2c2d65b5eb3ef25,delivered,2018-05-30 09:37:00,2018/5/30 9:50,2018/5/30 12:27,2018/6/7 18:08,2018/7/3 0:00
816fd1f12f703f9825eb7c4c307388b5,ba225d2770cc7c6f31a43e73472f7d6e,delivered,2018-05-30 17:50:00,2018/5/30 18:15,2018/6/22 18:42,2018/6/27 0:54,2018/7/3 0:00
227f6b7df58413c52832b11ec24b30a1,ada4af8902da278c18ba8834a1c1faf4,delivered,2018-05-30 22:27:00,2018/5/30 22:55,2018/6/1 6:42,2018/6/19 16:34,2018/7/16 0:00
d3c8fb7435390e64e1e0aeea689d5876,5a11898c695e0fd87e5af9d759ae78e1,delivered,2018-05-30 15:03:00,2018/5/30 15:15,2018/6/7 14:07,2018/6/21 16:12,2018/7/13 0:00
65419e669552c3526937c367f1edd754,51c2d801c9abf8e543afa3fb64f1dee5,delivered,2018-05-30 10:54:00,2018/5/30 11:10,2018/6/1 12:53,2018/6/8 21:08,2018/7/3 0:00
cc56a1a4acaf02f1c4732ca37b83ca9c,84e85061282f013a94d02fd9341bf527,delivered,2018-05-30 14:53:00,2018/5/31 3:35,2018/6/4 14:50,2018/6/6 18:28,2018/6/28 0:00
3bb7e15f832b43684ecf3640069145d2,efd8fc506b3614e1912ea2b6a5a50f47,delivered,2018-05-30 20:23:00,2018/5/31 3:36,2018/6/1 11:53,2018/6/6 19:58,2018/7/4 0:00
785ceb77eb42e247a85b8e65c7724ac8,ae83036a02bba05dd6b35f2d1b236b97,delivered,2018-05-30 22:30:00,2018/5/30 22:55,2018/6/4 6:21,2018/6/18 18:12,2018/7/11 0:00
2d5300bba84cf82131127fb8661c095a,016b15d60fe523cbfb8bda340e0cd769,delivered,2018-05-30 16:00:00,2018/5/30 16:16,2018/6/1 14:00,2018/6/5 11:41,2018/7/4 0:00
578c276c17c1fe56c31270a2a20f9982,477d86c69046e0524d097ce4619f78c2,delivered,2018-05-30 16:06:00,2018/5/30 16:16,2018/6/1 13:36,2018/6/5 22:49,2018/7/12 0:00
f6b99780deb1f264dee5f8b809a3a34f,adb5acf675d7aa2740ab319260930714,delivered,2018-05-30 23:55:00,2018/5/31 0:16,2018/6/5 19:03,2018/6/6 14:15,2018/6/26 0:00
fd073f02f85b4b2631ee7f04c82c8004,d40dcad6444b925d32b4cdbe15dac05a,delivered,2018-05-30 15:49:00,2018/5/30 16:16,2018/6/1 15:10,2018/6/11 20:51,2018/7/11 0:00
7292e5cb806b92ec0b4545c59b788608,af115f332ba7f4d546292157fdc17037,delivered,2018-05-30 00:10:00,2018/5/30 0:31,2018/6/1 14:42,2018/6/28 23:21,2018/7/23 0:00
03a77816f8b67ef237ecca2c772c4851,d8c87ef39b9996034c86991b5cb7f20d,delivered,2018-05-30 21:48:00,2018/6/5 4:30,2018/6/5 12:47,2018/6/12 16:59,2018/7/5 0:00
05918cf24658c4ee3a67a684684305d3,9cc1ab706200b513b1940668dc1a206b,delivered,2018-05-30 11:58:00,2018/5/30 14:47,2018/6/1 14:41,2018/6/27 11:28,2018/7/12 0:00
f8a9c0be5071e2ca36f561ad567b1800,40e141d432fb1a06f862197c9c0de0ce,delivered,2018-05-30 09:21:00,2018/5/30 9:34,2018/6/5 12:19,2018/6/13 22:48,2018/7/5 0:00
5bd56b595a9879fb7f67ae6253450883,34b952761872fb187fd49efa5593ba21,delivered,2018-05-30 12:06:00,2018/6/5 4:35,2018/6/5 8:01,2018/6/18 14:03,2018/7/12 0:00
4d60e5659a5be3b15be731b5882ecc3e,aad247815d757e959d4a0d5e0dabefb3,delivered,2018-05-30 10:18:00,2018/5/30 10:30,2018/6/5 7:06,2018/6/6 15:32,2018/6/25 0:00
f71786d492e3575ce6af4785508e1846,0b174050b751d2fad395123bd2a23568,delivered,2018-05-30 10:21:00,2018/5/30 10:30,2018/5/30 14:52,2018/6/11 14:42,2018/7/17 0:00
19c6c1105d0814693c2555123f76cc1c,5b0cea612ade0b822a1cde77418a9791,delivered,2018-05-30 07:37:00,2018/5/30 7:51,2018/6/4 13:32,2018/6/15 19:34,2018/7/18 0:00
b691ffb0177f480a9a5eb8772050bb2d,5d8e9bf326847e0aff523d2a032bbfe6,delivered,2018-05-30 16:20:00,2018/5/30 17:57,2018/6/1 15:12,2018/6/8 0:38,2018/7/4 0:00
67657701feeda0e62f6364ab7d3add38,4007032059e3f978b304bc9619aee015,delivered,2018-05-30 20:48:00,2018/5/30 21:10,2018/6/1 14:31,2018/6/6 0:04,2018/6/25 0:00
1b3870263ab7aa66a5e2ca30df8fd3d7,f0654b836659036175a0103e9fcb2e4e,delivered,2018-05-30 10:58:00,2018/5/30 11:10,2018/5/30 15:13,2018/6/8 13:26,2018/7/3 0:00
3d25ea8a710032b1b66683b23027c0a6,1bcafd5a67fb1b6b93ce4f4ad78e9f79,delivered,2018-05-30 18:20:00,2018/5/30 18:31,2018/6/4 14:13,2018/6/8 15:38,2018/6/25 0:00
f66a5fefcb2773c75713ad0742801b50,1314dcf9eabbe2717be59c886a3bde74,delivered,2018-05-30 20:25:00,2018/5/30 20:55,2018/6/4 7:00,2018/6/8 23:05,2018/7/11 0:00
eed6de9f4e402f8a8f204646b98307ab,de017a7470c1080fb969cf1241087883,delivered,2018-05-30 02:17:00,2018/6/2 3:31,2018/6/4 14:31,2018/6/12 12:13,2018/7/11 0:00
9986ac2a8cad0d983e8a964b94aa8149,8e6f5fce73ad1569600b35407ed6721b,delivered,2018-05-30 00:17:00,2018/5/30 14:57,2018/6/1 14:52,2018/6/13 19:36,2018/7/11 0:00
a7833628c3a6c045fc5795989947707a,cd970e72a666ac583850eb53ebf620b8,delivered,2018-05-30 17:38:00,2018/6/2 3:11,2018/6/4 14:07,2018/6/6 19:07,2018/6/25 0:00
fefc60b6174117cb96cd5eeaec4188b5,fe8d5179f52ce81e03233bd79bbe5f28,delivered,2018-05-30 13:42:00,2018/5/30 14:47,2018/5/30 14:11,2018/6/12 15:10,2018/7/11 0:00
e17f748fe026c219e312859a2188b07a,c4afd1cfe980f2dc3022f3646411cb9c,delivered,2018-05-30 08:31:00,2018/5/30 8:54,2018/6/1 14:45,2018/6/6 21:38,2018/6/25 0:00
58933cbe8ca93dbada467cc7b2eebd7c,0e05e54f8ee266e19c910ec3073c24d4,delivered,2018-05-30 09:10:00,2018/5/30 9:35,2018/5/30 14:05,2018/6/6 1:06,2018/7/4 0:00
09475a764868b0fa004ced42388fe6c6,13db6d94faa6734d80cd12f22df84a56,delivered,2018-05-30 14:14:00,2018/5/30 14:31,2018/6/1 14:40,2018/6/9 13:42,2018/7/3 0:00
03d7dd4730b71e0a310c9b30431c1961,da8dfb2660ba315e2a99e6e3aa2f5c10,shipped,2018-05-30 19:42:00,2018/5/30 19:55,2018/6/1 14:11,,2018/7/3 0:00
a5c654c2a0126153f98af71a65a159de,b2817df30d7390a156ef1514c284010c,delivered,2018-05-30 23:05:00,2018/6/4 12:10,2018/6/5 8:45,2018/6/12 20:06,2018/7/13 0:00
82c1d5e96ea750adc1f2c2011af5b0e6,5acb73b6b3d97377b7f750208b7ff478,delivered,2018-05-30 18:47:00,2018/5/31 3:36,2018/6/5 13:21,2018/6/6 16:33,2018/6/18 0:00
2927b6be262c5528b8135e5d330c00f9,001051abfcfdbed9f87b4266213a5df1,delivered,2018-05-30 09:19:00,2018/5/30 9:34,2018/5/30 14:10,2018/6/4 19:08,2018/7/4 0:00
d0f9f41e51b973c669a8c5f4c629eda9,b9ed552047d9caec7b90ff5f1cbba509,delivered,2018-05-30 19:01:00,2018/5/30 19:35,2018/6/1 13:21,2018/6/12 17:31,2018/7/18 0:00
14d113827939e9deace0b2afb528f1bb,f6ec7c6e0151f752c79e2f026a90da12,delivered,2018-05-30 15:19:00,2018/5/30 15:35,2018/6/4 19:22,2018/6/5 22:46,2018/6/26 0:00
05bef443b850685058070c9e781988e8,4ff3f3945300d8e040f2906998401e92,delivered,2018-05-30 16:33:00,2018/6/1 10:52,2018/6/1 13:54,2018/6/26 19:03,2018/7/5 0:00
fa2299624a4957d95dd526fc552d1ff1,6c4db8956588a32f2e15cd587c31c12f,delivered,2018-05-30 19:32:00,2018/5/30 19:51,2018/6/1 13:23,2018/6/5 0:08,2018/7/3 0:00
4044d99051c9cd7f9f00188ac0c829f2,3e4587cc2ed066dec42316af7e29c95f,delivered,2018-05-30 02:19:00,2018/5/30 2:35,2018/5/30 14:51,2018/6/11 17:23,2018/7/13 0:00
07edcfe51903bc7e23501f6b87f2bc46,758ca4ee2332bce93a8be678115f71aa,delivered,2018-05-30 14:08:00,2018/5/30 14:31,2018/6/1 6:12,2018/6/11 18:33,2018/7/25 0:00
9170795672365189693d65667780f9ed,bf60fa574e188373d3cb331d04aeb4f1,delivered,2018-05-30 16:13:00,2018/5/30 16:31,2018/6/4 14:24,2018/6/5 20:17,2018/6/25 0:00
192162688f179d526243e303ed01abe6,fe8b3a40ab3d9ea1b2e38aa24a324207,delivered,2018-05-30 13:00:00,2018/5/30 13:10,2018/5/30 16:21,2018/6/8 20:48,2018/7/16 0:00
65b2eeb525259ca3e5e6028075d8aa23,ead0ce31c9e113d7632ffbe5a6f86ff3,shipped,2018-05-30 15:00:00,2018/5/30 15:35,2018/6/1 19:03,,2018/6/25 0:00
bebb091883afc03b247e8e66a1f2dd8e,75c729bf6969221f84e47ef024ca25c8,delivered,2018-05-30 14:51:00,2018/5/30 15:11,2018/6/4 9:00,2018/6/14 18:02,2018/7/12 0:00
147941b96e61a2e7c02be8bf27b4cca1,e02fa85f41de6f8e420b317a7e3444a4,delivered,2018-05-30 07:58:00,2018/6/2 3:35,2018/6/4 15:12,2018/6/20 18:57,2018/7/5 0:00
2f83040c67a949dd65bb0c6489fab3b2,1de30f750d52014cba4852ebfff5902b,delivered,2018-05-30 14:49:00,2018/5/30 15:11,2018/6/4 13:26,2018/6/12 17:05,2018/7/3 0:00
d95d7dc42c0d8218358ebeabc7bb5dfc,275b7e2a536846171dae7ac0326847b6,delivered,2018-05-30 11:44:00,2018/5/30 11:55,2018/6/1 19:09,2018/6/2 20:42,2018/6/25 0:00
826c215c77d0299238e4a2d52a8f5a99,7af79c8f9ecbb3aa777e5688430cc480,delivered,2018-05-30 11:04:00,2018/5/30 11:15,2018/6/1 12:04,2018/6/14 20:34,2018/7/11 0:00
65035f2d005e9af22156150a3bde53b2,9a6b4a17865a6eb29c6787a1d5484568,delivered,2018-05-30 17:42:00,2018/5/30 17:58,2018/6/1 13:19,2018/6/11 21:49,2018/7/4 0:00
2143f0dfdbb1c47ab7c75c9c097e0173,587140b63abb380a13f3e008fb38ec09,delivered,2018-05-30 14:11:00,2018/5/30 14:31,2018/5/30 14:15,2018/6/3 17:40,2018/6/25 0:00
47aa0308326d0c781ffa998ee36dc409,c28e1de61c264a531a891b66e04ea092,delivered,2018-05-30 13:53:00,2018/5/31 3:15,2018/6/4 14:09,2018/6/6 20:41,2018/6/25 0:00
d44d01e695a204a2d7dc91ef82378e2b,4e1df5678ffe8d046237c2b2dcf5764b,delivered,2018-05-30 18:12:00,2018/5/30 18:31,2018/6/5 5:05,2018/6/12 17:28,2018/7/13 0:00
13ac325ed34b96835f8fed6e4db77a69,563efd05692357b476c05cf21186b991,delivered,2018-05-30 19:43:00,2018/6/1 8:51,2018/6/4 12:44,2018/6/11 18:38,2018/7/5 0:00
49b409b37fa9e707bd2bfc59a49ab7cd,857b7961ba24679a586fe875ea74ab44,delivered,2018-05-30 19:50:00,2018/5/30 20:14,2018/6/1 13:23,2018/6/11 19:18,2018/7/11 0:00
a96cff07025408618e8a121b1ba3273a,f2e32479d9ca95098b58d56ab1e41901,delivered,2018-05-30 15:04:00,2018/5/31 3:15,2018/6/4 15:13,2018/6/5 19:07,2018/6/25 0:00
1be187af7e77d6ee0671be02c229b679,8d1b923f85a34afac5bd669d50417602,delivered,2018-05-30 10:12:00,2018/5/30 10:30,2018/6/1 12:54,2018/6/14 20:46,2018/7/12 0:00
363f361d96879a18985ac3928c978159,03a3fed0e96dca44d3d9614a4c83103a,delivered,2018-05-30 21:52:00,2018/5/30 22:15,2018/6/5 12:31,2018/6/15 15:14,2018/7/11 0:00
e73a44dc71cb3d6dd54b77f318a96b39,cbed58dd8debcf99b6cc64c35063ad7f,delivered,2018-05-30 12:06:00,2018/5/30 12:17,2018/6/4 15:44,2018/6/11 16:22,2018/7/3 0:00
c3f76f14ce3587ab9df86c8caaac928c,f96e15f676d7314516ac863a42da8b4f,delivered,2018-05-30 13:49:00,2018/5/30 14:16,2018/6/1 9:05,2018/6/4 23:48,2018/6/18 0:00
3bb493e523dae107dd7c396489bcbd0b,34922a60c988e6e3a911229a89beca90,delivered,2018-05-30 14:54:00,2018/5/31 14:54,2018/6/1 14:39,2018/6/15 14:05,2018/7/18 0:00
22f4dea7b1810fd75107dad133794113,fc26c5fd980909cee638793d9936fdb8,delivered,2018-05-30 14:34:00,2018/5/30 14:57,2018/5/30 14:50,2018/6/1 21:16,2018/6/25 0:00
cc812bc2c7f8350a08add17abe7bcc84,bee1e23957cf75da376d033c4e2ba724,delivered,2018-05-30 12:54:00,2018/5/30 13:09,2018/6/1 14:40,2018/6/21 18:26,2018/7/11 0:00
177a359958777d9b5cebb4257016c35c,6326db5a7fa1bed7b29c5a8c08a3d4c9,delivered,2018-05-30 23:33:00,2018/5/30 23:50,2018/6/1 6:42,2018/6/6 21:07,2018/7/11 0:00
0f275b411f77d6ea9ac2132609f4a332,9229b64a5b32e5a03c5f13463f2e256f,delivered,2018-05-30 17:44:00,2018/5/31 3:15,2018/6/5 11:09,2018/6/7 22:51,2018/6/25 0:00
176047e99b8d67f011ec8cf606497f41,f1d38e8625e7be8d56728a32ff69ca4e,delivered,2018-05-30 16:12:00,2018/5/30 17:57,2018/6/4 13:10,2018/6/14 21:52,2018/7/13 0:00
d88b9341f5972a9d4a17aac4b623476c,89df8b7264f654f2a8b05894acffce11,delivered,2018-05-30 12:01:00,2018/5/30 12:17,2018/6/1 13:51,2018/6/6 19:04,2018/7/11 0:00
7be1e90857091733dbf1e7d916c84e01,8671986388f0f80dd9df3a6ed04d9a45,delivered,2018-05-30 16:57:00,2018/5/30 17:57,2018/6/1 13:23,2018/6/12 17:51,2018/7/3 0:00
e8a8ff2fda1e5eeeed6e56a9a882f648,86eb5f9093235e1e5e2f6db715b98ac8,delivered,2018-05-30 15:58:00,2018/5/30 16:16,2018/6/2 8:57,2018/6/19 18:22,2018/7/17 0:00
43b9e48ec7fc386f9083ac3153363103,1f52344e101d65f925fc24b8ef736f9f,delivered,2018-05-30 17:40:00,2018/5/30 17:57,2018/6/1 10:46,2018/6/7 17:05,2018/7/3 0:00
0807e3831ca17d1d980903674c61d019,0e24c21be3703d83ec0cccc0a4128d03,delivered,2018-05-30 19:55:00,2018/5/30 20:14,2018/6/7 14:50,2018/6/8 17:36,2018/6/25 0:00
0cedce314f08f29c07de4eff348e16bc,b817bff4fb17d66f0e9f00c5a0a2553c,delivered,2018-05-30 14:03:00,2018/5/30 14:16,2018/6/1 15:05,2018/6/12 17:08,2018/7/12 0:00
58317a8b3dfbcadbd945cb80dda94304,f559081f10290cf844cd5875a8524e18,delivered,2018-05-30 01:23:00,2018/5/30 1:33,2018/5/30 10:23,2018/6/6 19:05,2018/7/20 0:00
129b63bc323d7b5b2965a143b2e72cc7,b1aa2abda32e707cb5c7ab57203e4fec,delivered,2018-05-30 14:33:00,2018/5/30 14:57,2018/5/30 14:33,2018/6/8 13:58,2018/7/5 0:00
fc47141e198b2f83882cef0cbbea6886,1e3a55090ca74ba9eb7030a2d7994569,delivered,2018-05-30 23:59:00,2018/5/31 0:16,2018/6/6 14:03,2018/6/13 17:41,2018/6/26 0:00
7efbb24e555922671a42a89180286583,17d00a6f67b69339cddcd4fc49c84f9f,delivered,2018-05-30 22:12:00,2018/5/31 1:50,2018/6/1 13:49,2018/6/2 12:41,2018/7/5 0:00
8898a51e0e6b578277a7c20d5b31877b,17298835e7756f3763fac2562d2adf33,delivered,2018-05-30 21:37:00,2018/6/1 10:11,2018/6/4 13:27,2018/6/21 20:12,2018/7/13 0:00
844b7b992358a3a30d677ea0025e7471,2df20d16a7c4d40a357959f64b76a7c3,delivered,2018-05-30 19:18:00,2018/5/30 19:35,2018/6/5 16:46,2018/6/6 22:07,2018/6/25 0:00
f05ef3ecdb7796d93e204c0a7ab76759,98fb13b264449f06da6834b86e0693a8,delivered,2018-05-30 20:36:00,2018/5/30 20:55,2018/6/1 13:51,2018/6/6 19:39,2018/7/12 0:00
dcb51f5ff38464ec48e4782c034846c9,909949a94b1c563c0b8880febea5e485,delivered,2018-05-30 11:10:00,2018/5/30 11:37,2018/5/30 14:03,2018/6/11 16:46,2018/7/11 0:00
695bdd39d2b8c25bb80207a161ed8086,787105d518a38470555bbfe1978b63f9,delivered,2018-05-30 20:36:00,2018/6/1 14:32,2018/6/11 14:33,2018/6/15 11:38,2018/7/12 0:00
67635ee59cc01a1b24d94ab2533d2823,d7035146da2ec73187aa9140b20c7c27,delivered,2018-05-30 16:29:00,2018/5/30 17:57,2018/6/5 8:32,2018/6/23 13:08,2018/7/17 0:00
2dd8a69d1eb8ea62bdddc073c4e80ab1,5e57e7fd729379e69ced54d4818e7f92,delivered,2018-05-30 19:19:00,2018/5/31 3:35,2018/6/1 15:13,2018/6/6 18:14,2018/7/5 0:00
186ff84d5b5b50a2d790cabc5800b9d1,58281a0f2e7cf112033f164b20034665,delivered,2018-05-30 09:00:00,2018/5/30 9:35,2018/5/30 10:05,2018/6/4 18:20,2018/6/25 0:00
9292a5004e4adeb999700abae47eb13b,3048281f246c7e5342d10ac837c5c8ee,delivered,2018-05-30 14:32:00,2018/5/30 14:57,2018/5/30 13:40,2018/6/11 18:32,2018/7/13 0:00
2e355f2c21d0eadf3b8202cb969363c7,567edfb9219ec706653d253ba2759119,delivered,2018-05-30 23:21:00,2018/5/30 23:35,2018/6/1 11:53,2018/6/7 19:16,2018/7/4 0:00
e0e918bb13679f116c452a05b47151e9,d5879d3a1c4afa3089af92330d2ba438,delivered,2018-05-30 20:33:00,2018/5/30 20:55,2018/6/7 14:14,2018/6/11 23:08,2018/7/17 0:00
6b84d210abf237ef478dd4f1b0f4c10b,39185bd4718b6a5459a822c7698891cb,delivered,2018-05-30 20:36:00,2018/5/30 20:55,2018/6/4 14:42,2018/6/12 14:11,2018/7/20 0:00
fd79284ba0bd11e560e236f939640143,f722f83d0923ea785b61ed0cbdf0bc3e,delivered,2018-05-30 10:44:00,2018/5/30 10:56,2018/6/5 11:50,2018/6/13 18:48,2018/7/13 0:00
7b08446d3c48c10ae15e7d09e16e725a,782cddca87150c8ef0de9f360ffb7bf5,delivered,2018-05-30 13:42:00,2018/5/30 14:20,2018/6/1 12:23,2018/6/19 0:57,2018/7/23 0:00
4a64b07f28105fb8ff33ad6f91f4b2c8,cc8b0712a7ec5ad6c11c9dc377a22fdd,delivered,2018-05-30 10:18:00,2018/5/31 3:10,2018/6/8 9:48,2018/6/11 19:28,2018/7/16 0:00
05af503aea07ddc5530506f2c349756f,5c92329a45f0d22c263d98a8ce845cd8,delivered,2018-05-30 20:50:00,2018/5/30 21:10,2018/6/1 8:53,2018/6/13 21:12,2018/6/25 0:00
2ac520de90670f0cb695af6630a00c4a,66bd9b38f2219cd1108930c3cc1df43b,delivered,2018-05-30 15:41:00,2018/5/30 15:55,2018/5/30 14:55,2018/6/14 17:28,2018/7/3 0:00
ce182b138eec89ddd69e9fca1c900aae,5b7f75e63b3845cc1e306d5f667d69b7,delivered,2018-05-30 12:42:00,2018/5/31 3:15,2018/6/1 16:43,2018/6/15 21:06,2018/7/25 0:00
c1642f56f39a87a53527bc120e231299,981408ecd1bd02aa4bb69a5f85c452a3,delivered,2018-05-30 20:33:00,2018/5/30 20:55,2018/6/1 18:28,2018/6/13 17:41,2018/7/11 0:00
d80681e64c64ae8f7056f86223e646b7,71f089d61cea57c60865409a6adefec0,delivered,2018-05-30 09:03:00,2018/5/30 9:35,2018/5/30 12:30,2018/6/5 17:19,2018/6/25 0:00
20406ee2d530e69d8cbbb87409cc609f,69e2b2d99d8483a0f04bfea21b2f78ac,delivered,2018-05-30 11:23:00,2018/5/30 11:37,2018/6/15 13:35,2018/6/23 17:28,2018/7/19 0:00
454fc309e2afec5ce697014d9193afbc,2f317c9ccc4b07db3391be0c01ac4a3d,delivered,2018-05-30 15:31:00,2018/5/30 15:55,2018/6/4 6:16,2018/6/29 17:52,2018/8/2 0:00
b528343ff0b10c32c5c7baf68f6536ba,df95b7d6f8593ea6ba264820941935ae,delivered,2018-05-30 14:58:00,2018/5/30 15:15,2018/6/1 14:59,2018/6/4 18:08,2018/7/3 0:00
b59976950624cdf5b8be6b9fddcb2460,8fa1188232c7e51082b4786190ac3e38,delivered,2018-05-30 18:42:00,2018/5/30 18:55,2018/6/4 6:50,2018/6/7 20:41,2018/7/5 0:00
a6e9b80a7636eb8dd592dbb3e20d0a91,17ab24e33d80fb0660f01a61de8a2fc0,delivered,2018-05-30 09:11:00,2018/5/30 9:35,2018/5/30 14:19,2018/6/11 21:48,2018/7/13 0:00
57323a7f9df2ab8eabf8fb751d3f2334,c7f2968561f5d98aedb2b35aa91acb29,delivered,2018-05-30 16:11:00,2018/5/30 17:57,2018/6/11 15:16,2018/6/12 18:38,2018/6/25 0:00
0b4ed5311f55b9b8f0f30b35e5b45dbd,3e3196d8c97e8351de8a7a3bc0d06211,delivered,2018-05-30 22:55:00,2018/5/30 23:10,2018/6/1 14:14,2018/6/8 20:20,2018/7/20 0:00
0a65a87966cf47b05a559b462c8754dc,d5474fd02ad681bd3aa0e1f62b962b4f,delivered,2018-05-30 11:19:00,2018/5/31 3:15,2018/6/4 15:31,2018/6/5 12:52,2018/6/25 0:00
6e28885b3b46ef6ae9dfa9209e1c8c48,7c3944f1b25c635da4e81b7e2c712a7f,delivered,2018-05-30 16:02:00,2018/5/30 16:16,2018/6/4 13:33,2018/6/19 13:58,2018/7/16 0:00
13ce7f4beebc91755492c12e77093d10,e8044b8d644927aa85a0eacf725fcf99,delivered,2018-05-30 11:33:00,2018/6/5 4:12,2018/6/5 13:12,2018/6/13 21:03,2018/7/4 0:00
5ed3ad68a6b539929adf6d324f01ff01,26c3ccb63c6e599268b153a87eb1bb49,delivered,2018-05-30 18:29:00,2018/5/30 19:51,2018/6/1 14:11,2018/6/15 22:07,2018/7/11 0:00
061eb3fa9ee22a8dc3c90060e5a637c9,2ec58f2c612ff2a103859e7615e10a52,delivered,2018-05-30 12:06:00,2018/5/30 12:29,2018/5/30 14:55,2018/6/12 17:34,2018/7/3 0:00
6529965e47097fe5bb0be908e7c43e9a,fdb42e759b6b954dd8a7e02b1df517f4,delivered,2018-05-30 22:08:00,2018/5/30 22:30,2018/6/1 13:43,2018/6/6 17:32,2018/7/3 0:00
34d4da466936ae5ef87386c007f7cc0e,3c77d8084d2a940ae106c3008590602c,delivered,2018-05-30 11:48:00,2018/5/30 12:17,2018/6/1 14:19,2018/6/7 19:16,2018/7/3 0:00
d6370a08f64a1248435649bd37eae011,17f4aec6b201b05577ea4cf3879a6375,delivered,2018-05-30 15:53:00,2018/5/30 16:16,2018/6/1 14:37,2018/6/3 16:32,2018/6/25 0:00
42f4cf7ee7d96f2d2465b6f203e531ba,835290f13da9e4cef839def4f4fdfb20,delivered,2018-05-30 21:33:00,2018/5/30 21:50,2018/6/1 10:14,2018/6/5 4:03,2018/6/25 0:00
a67709a381f98fdb878825f92a95128e,c88c6060cc61e64275dcc22da352122a,delivered,2018-05-30 16:13:00,2018/5/30 16:30,2018/6/1 14:08,2018/7/3 17:21,2018/7/5 0:00
089896265e5395ee8335f9f417a7f6c0,b76858182a9cd7f6c1ba482c53fdd2ee,delivered,2018-05-30 16:15:00,2018/6/1 18:35,2018/6/11 14:33,2018/6/18 23:22,2018/7/12 0:00
74de5414be822d0c843d1c6d9efffe34,fe5dc051e7c0d5a9a5d90157b301df69,delivered,2018-05-30 09:25:00,2018/5/30 9:35,2018/6/14 15:21,2018/6/21 18:22,2018/7/5 0:00
3c55e82098814e81a8a9314b9ebd0be4,72d4944fcf1d48d6098ae39caa4f4bf4,delivered,2018-05-30 19:25:00,2018/5/30 19:50,2018/6/4 11:39,2018/6/8 23:03,2018/6/25 0:00
b8c6df4a73d185bc84d6517d5e0577fc,45c85530e9c2aa38d1032295ab5b43a7,delivered,2018-05-30 11:44:00,2018/5/30 11:55,2018/6/12 11:18,2018/6/13 15:32,2018/7/20 0:00
371931d44f8feff2b43b4e9ad3c6c5d2,bcfa639fc30b68c41e6862db761ff9dd,delivered,2018-05-30 21:50:00,2018/5/30 22:15,2018/6/1 13:17,2018/6/30 11:26,2018/7/11 0:00
2db6682455f3a6b47b5202e00c855789,4dc417fbc348bf334bb2d066ab22efa1,delivered,2018-05-30 09:46:00,2018/5/31 3:36,2018/6/5 8:27,2018/6/13 0:05,2018/7/11 0:00
a786e0a4cada3f2704a7c932bfc3ea21,935ff0649831ec6ad670f1d3cc9235e2,delivered,2018-05-30 13:41:00,2018/5/30 13:50,2018/6/1 9:57,2018/6/3 15:44,2018/6/25 0:00
635ed45a717c546a1bea54c32c7d2ff7,f36390aa9b8a7709d98fae3bf92ebd1e,delivered,2018-05-30 14:30:00,2018/5/30 14:57,2018/6/1 10:37,2018/6/4 18:02,2018/6/25 0:00
f5c689533bee49ee840a49ecfb066b24,123b6048837fa953150255ef6a2efbb3,delivered,2018-05-30 21:29:00,2018/5/30 21:50,2018/6/4 13:44,2018/6/15 10:39,2018/7/11 0:00
ddd20a4c7ae0b71b01db1844ef9659cd,eeb9b95b099466660703b2c2778050e6,delivered,2018-05-30 07:56:00,2018/5/31 3:35,2018/6/18 15:15,2018/6/28 11:22,2018/7/27 0:00
c4e6c7d111d17798aa897ace9fdb33f3,639702fc05e25649d160ea04264a8155,delivered,2018-05-30 11:40:00,2018/5/30 11:50,2018/6/5 14:15,2018/6/16 17:20,2018/7/26 0:00
191d8d46583f6f363ede63402686d936,1f9782734bacba3b67fae560dd17f903,delivered,2018-05-30 12:43:00,2018/5/30 12:56,2018/6/6 12:24,2018/6/14 19:12,2018/7/5 0:00
d520a55c30b5d51d1648d242d1f2b554,cb2b9d2644c16b5823022e6f1db1fd21,delivered,2018-05-30 15:47:00,2018/5/31 3:35,2018/6/4 13:20,2018/6/27 14:22,2018/7/12 0:00
1b261283b06863bfaa62bf25bb1da580,3010e9b6775bb87d015542bcf92276d1,delivered,2018-05-30 18:06:00,2018/5/30 18:31,2018/6/1 15:13,2018/6/12 12:14,2018/7/17 0:00
a6f396e6584d25c2b097d0dcd625f10f,88df1c39c26b0578e421d3a71a412891,delivered,2018-05-30 18:14:00,2018/6/1 8:51,2018/6/1 12:01,2018/6/12 21:05,2018/7/11 0:00
dfbf71de5b6a2870e87371cdadeb828a,6db6743bb811ce44727fe1176ae8f64d,delivered,2018-05-30 00:26:00,2018/5/30 0:54,2018/5/30 14:45,2018/6/30 17:35,2018/7/18 0:00
920a775204d54696910a3056ff090942,81bebc06bc7bb674fa6353451be2a23b,delivered,2018-05-30 21:13:00,2018/6/5 3:50,2018/6/5 14:06,2018/7/10 16:51,2018/7/23 0:00
5bd233924f0b9c52492bd5a92e5ab2d3,d7475a536385854da614094f0bf12275,delivered,2018-05-30 13:23:00,2018/5/31 3:15,2018/6/4 6:16,2018/6/14 22:49,2018/7/13 0:00
